icd_code,description,icd_code_prefix,category
mYv,nqjrfizlyix,8,f2a0a41e-bbd3-4c92-acd6-54eef6d8b419
mwoNF,sHsWUPphNODkhcjkT,2,f2a0a41e-bbd3-4c92-acd6-54eef6d8b419
yKXGx,fZlZUrTYkZM,8,f2a0a41e-bbd3-4c92-acd6-54eef6d8b419
zNzq,kmqIPBnCLe,4,f2a0a41e-bbd3-4c92-acd6-54eef6d8b419
JHU,OEWGG VcaHl,3,f2a0a41e-bbd3-4c92-acd6-54eef6d8b419
LLtJt,jzEkiXeDSCnup,1,f2a0a41e-bbd3-4c92-acd6-54eef6d8b419
pRia,TRtTQjdByAF AVC,9,f2a0a41e-bbd3-4c92-acd6-54eef6d8b419
eel,kwbWfxHHnt,10,f2a0a41e-bbd3-4c92-acd6-54eef6d8b419
Uitw,RisO urXkfDeYZlAqk,1,f2a0a41e-bbd3-4c92-acd6-54eef6d8b419
Tfgm,nYTXmUQaAEfJEPZ,3,f2a0a41e-bbd3-4c92-acd6-54eef6d8b419
wpDax,IlVIaXsrmexhVbXnpT,6,f2a0a41e-bbd3-4c92-acd6-54eef6d8b419
bpNcf,MBYNlACzMZKtdomkr,4,f2a0a41e-bbd3-4c92-acd6-54eef6d8b419
ANj,aTtsiEyupCOqLmRWekMc,4,f2a0a41e-bbd3-4c92-acd6-54eef6d8b419
tKiO,puCGSxMjIXi JpfcfzW,2,f2a0a41e-bbd3-4c92-acd6-54eef6d8b419
lZf,kgxgZSgBM AVbXCP,6,f2a0a41e-bbd3-4c92-acd6-54eef6d8b419
hMzKo,PFOFuAlViEsBMsgclQs,7,f2a0a41e-bbd3-4c92-acd6-54eef6d8b419
SijP,lOSuURUKQdQvKwdBS,5,f2a0a41e-bbd3-4c92-acd6-54eef6d8b419
gHmHf,OFyZwhlQhhxUJjt,4,f2a0a41e-bbd3-4c92-acd6-54eef6d8b419
nga,kEuEFNcDeHCVbWlQ Fok,3,f2a0a41e-bbd3-4c92-acd6-54eef6d8b419
NXjoU,arCmjpdOgQXpVO,7,f2a0a41e-bbd3-4c92-acd6-54eef6d8b419
clb,tyTwaYbPXgYnslO,10,f2a0a41e-bbd3-4c92-acd6-54eef6d8b419
VVHTE,annyqJywLoMJhpObyJxp,2,f2a0a41e-bbd3-4c92-acd6-54eef6d8b419
uQjL,PKyW Cl DQnJ ExP,8,f2a0a41e-bbd3-4c92-acd6-54eef6d8b419
IiMY,nupMMxWskdEBEmk,9,f2a0a41e-bbd3-4c92-acd6-54eef6d8b419
QBf,tZWqfCkjzKC,6,f2a0a41e-bbd3-4c92-acd6-54eef6d8b419
uMm,QEtPSaBZwmWosN,7,f2a0a41e-bbd3-4c92-acd6-54eef6d8b419
XbH,CLZPYoMUrUM ANAIvbTO,9,f2a0a41e-bbd3-4c92-acd6-54eef6d8b419
CqK,emPIJILBPNasRdyBb,3,f2a0a41e-bbd3-4c92-acd6-54eef6d8b419
DsMBM,PKFqyUhNhFS,10,f2a0a41e-bbd3-4c92-acd6-54eef6d8b419
msuwU,ihECKzfdhb,6,f2a0a41e-bbd3-4c92-acd6-54eef6d8b419
VwUei,TgolBBsRBUwccOpMxzo,6,f2a0a41e-bbd3-4c92-acd6-54eef6d8b419
oDy,sGiAjNGJdByYYSjJNuiA,9,f2a0a41e-bbd3-4c92-acd6-54eef6d8b419
XOfGD,VdDGokGUgKsfphyD,4,f2a0a41e-bbd3-4c92-acd6-54eef6d8b419
IGWEg,ikHWORSdnWR,1,f2a0a41e-bbd3-4c92-acd6-54eef6d8b419
pVz,CBATnZq AthG,10,f2a0a41e-bbd3-4c92-acd6-54eef6d8b419
PcRl,xivhvhTWMKW,6,f2a0a41e-bbd3-4c92-acd6-54eef6d8b419
gnA,"gbHOjQGcmm ",2,f2a0a41e-bbd3-4c92-acd6-54eef6d8b419
QqS,RkIwGojusmdJrBltBrH,10,f2a0a41e-bbd3-4c92-acd6-54eef6d8b419
uLe Y,JWlLWrHkiu,8,f2a0a41e-bbd3-4c92-acd6-54eef6d8b419
zJM,vPWGZiZGbFWrbWmIG,5,f2a0a41e-bbd3-4c92-acd6-54eef6d8b419
FAKMs,vCzYczN wa,7,f2a0a41e-bbd3-4c92-acd6-54eef6d8b419
vDa,cMxDHPVssrehoIRyIk,9,f2a0a41e-bbd3-4c92-acd6-54eef6d8b419
HXz,BqSjuAWVpk,4,f2a0a41e-bbd3-4c92-acd6-54eef6d8b419
HSm,GShwyiupHuNFrMEjXe,4,f2a0a41e-bbd3-4c92-acd6-54eef6d8b419
uFAG,nbsUAjZeMSUjIEwpgVW,3,f2a0a41e-bbd3-4c92-acd6-54eef6d8b419
EbuG,cdrOcEHzntT,1,f2a0a41e-bbd3-4c92-acd6-54eef6d8b419
wDE,qVHESXYfdwVnyvkxG,4,f2a0a41e-bbd3-4c92-acd6-54eef6d8b419
whjXV,BRNQlZTuMMZBmS,6,f2a0a41e-bbd3-4c92-acd6-54eef6d8b419
WiLw,XSGANrhIvz,1,f2a0a41e-bbd3-4c92-acd6-54eef6d8b419
ZYLg,PIGhgTrVLaULRY,8,f2a0a41e-bbd3-4c92-acd6-54eef6d8b419
NXZ,GJIaDDRxAWnsF,4,f2a0a41e-bbd3-4c92-acd6-54eef6d8b419
jayO,bcLMera cJhNdFDhkG,6,f2a0a41e-bbd3-4c92-acd6-54eef6d8b419
Fiiow,CwOLiNKVhYGgWYfZEtbU,1,f2a0a41e-bbd3-4c92-acd6-54eef6d8b419
DHhz,DxporCcF xFuiAgA yuP,6,f2a0a41e-bbd3-4c92-acd6-54eef6d8b419
cvVrC,yGmRvDzWdLwcdStbNaU,10,f2a0a41e-bbd3-4c92-acd6-54eef6d8b419
ZYBz,OPTvAcoGqZy,4,f2a0a41e-bbd3-4c92-acd6-54eef6d8b419
tdfqR,IRk moRPtJw,7,f2a0a41e-bbd3-4c92-acd6-54eef6d8b419
" pRTq",javhIAPVDK,2,f2a0a41e-bbd3-4c92-acd6-54eef6d8b419
leTI,xklrwrImYE,6,f2a0a41e-bbd3-4c92-acd6-54eef6d8b419
IcAmF,hMBoBePiytxBFmh,10,f2a0a41e-bbd3-4c92-acd6-54eef6d8b419
hVM,ryIbBHQxeHU,3,f2a0a41e-bbd3-4c92-acd6-54eef6d8b419
ZmM,DnxLnWykzJtwHNgu,9,f2a0a41e-bbd3-4c92-acd6-54eef6d8b419
SFCo,bAMXIPJMU nDsQkZ,9,f2a0a41e-bbd3-4c92-acd6-54eef6d8b419
NKmdY,GUzuNxjFMLfcMCFgJ,7,f2a0a41e-bbd3-4c92-acd6-54eef6d8b419
qme,BcgRFFmXtrqrUnxJ,6,f2a0a41e-bbd3-4c92-acd6-54eef6d8b419
"FNpZ ",nvBaqtniIcWNjePZy,8,f2a0a41e-bbd3-4c92-acd6-54eef6d8b419
NXGVk,MTwUuBgXyn,4,f2a0a41e-bbd3-4c92-acd6-54eef6d8b419
yCG,bwQOSZJVPCG,1,f2a0a41e-bbd3-4c92-acd6-54eef6d8b419
HXvm,TLhjlbpUcy,4,f2a0a41e-bbd3-4c92-acd6-54eef6d8b419
uHnC,toZpVwADxOqv,3,f2a0a41e-bbd3-4c92-acd6-54eef6d8b419
OMLuN,v VCnhefbOfCyXMy,7,f2a0a41e-bbd3-4c92-acd6-54eef6d8b419
aPtD,tkgIukzSkh,4,f2a0a41e-bbd3-4c92-acd6-54eef6d8b419
TBv,mSEQVVhIenC,3,f2a0a41e-bbd3-4c92-acd6-54eef6d8b419
PcVTA,svKZhTG EsOCI,1,f2a0a41e-bbd3-4c92-acd6-54eef6d8b419
QVmvk,nqJwllCIyASFgPXEU,6,f2a0a41e-bbd3-4c92-acd6-54eef6d8b419
ssmw,OXCAZpisCqMGUNBwQjb,4,f2a0a41e-bbd3-4c92-acd6-54eef6d8b419
QKF,FZUVYesFajBqswmGqREC,6,f2a0a41e-bbd3-4c92-acd6-54eef6d8b419
niAvZ,NGSaHoQOSU,8,f2a0a41e-bbd3-4c92-acd6-54eef6d8b419
vPIG,vpiNcBpSkl,6,f2a0a41e-bbd3-4c92-acd6-54eef6d8b419
"zyLT ",JKI uhyrHyajvTkRp l,7,f2a0a41e-bbd3-4c92-acd6-54eef6d8b419
IOb,SUYYJnmshYCfcxgjlHJi,4,f2a0a41e-bbd3-4c92-acd6-54eef6d8b419
cFy,rT yiRRhhQylDLZc,1,f2a0a41e-bbd3-4c92-acd6-54eef6d8b419
WxenJ,LBcYMFre cahlWHM,7,f2a0a41e-bbd3-4c92-acd6-54eef6d8b419
"Ga ",fviOfeFveR,7,f2a0a41e-bbd3-4c92-acd6-54eef6d8b419
TCLx,yDHmAqn NxmgHuem,2,f2a0a41e-bbd3-4c92-acd6-54eef6d8b419
saQF,LcKQDSQmbQSs,9,f2a0a41e-bbd3-4c92-acd6-54eef6d8b419
TWe,tcWYShgmQaA,3,f2a0a41e-bbd3-4c92-acd6-54eef6d8b419
gFi,jkzxaIQN TtwzGtF,2,f2a0a41e-bbd3-4c92-acd6-54eef6d8b419
tQud,cGQCMeGLiDzRGyl,6,f2a0a41e-bbd3-4c92-acd6-54eef6d8b419
tMFj,cZYypHMOEWPTyO,6,f2a0a41e-bbd3-4c92-acd6-54eef6d8b419
wLoTw,LHEmaKxdqG,5,f2a0a41e-bbd3-4c92-acd6-54eef6d8b419
vJs,XepjJaAWVEEFAHBZBOyZ,5,f2a0a41e-bbd3-4c92-acd6-54eef6d8b419
UJh,ePsQvyXnnry,3,f2a0a41e-bbd3-4c92-acd6-54eef6d8b419
QcT,vifUruQCfNbiUvBkIc,9,f2a0a41e-bbd3-4c92-acd6-54eef6d8b419
RnDuc,SesmpDwLzgbxwsTaPsGq,2,f2a0a41e-bbd3-4c92-acd6-54eef6d8b419
RKw,ZlLduazVHmiRuVu,10,f2a0a41e-bbd3-4c92-acd6-54eef6d8b419
K XYB,LLDgjTTLohOTMvErbA,7,f2a0a41e-bbd3-4c92-acd6-54eef6d8b419
Ngk,wFctAwPXRyCPUQTSNgr,9,f2a0a41e-bbd3-4c92-acd6-54eef6d8b419
RuJ,SAETQ spyercvttSwl,7,f2a0a41e-bbd3-4c92-acd6-54eef6d8b419
" Vl",mkbTgwjQcLBnJNku,2,f2a0a41e-bbd3-4c92-acd6-54eef6d8b419
Nmw,hCTYhxAGjr,9,f2a0a41e-bbd3-4c92-acd6-54eef6d8b419
dJl,ISIZGYgEzWfPsQuNesdb,5,f2a0a41e-bbd3-4c92-acd6-54eef6d8b419
FYkpp,JScZwLjEQDMDHucmL,7,f2a0a41e-bbd3-4c92-acd6-54eef6d8b419
"lng ",okvAodKdtY,3,f2a0a41e-bbd3-4c92-acd6-54eef6d8b419
Va OL,hCmwCCGGOg,1,f2a0a41e-bbd3-4c92-acd6-54eef6d8b419
zHI,CLpLvYJXaKMOT,10,f2a0a41e-bbd3-4c92-acd6-54eef6d8b419
Kalk,FE X WCfSsktrLWstR,8,f2a0a41e-bbd3-4c92-acd6-54eef6d8b419
JjNm,XwVGTXgVRESApaaD,1,f2a0a41e-bbd3-4c92-acd6-54eef6d8b419
FDd,KDa cZokXVIwLUp,1,f2a0a41e-bbd3-4c92-acd6-54eef6d8b419
oOl,OUATSO nSBOhrosRpjxF,4,f2a0a41e-bbd3-4c92-acd6-54eef6d8b419
JWjbU,BzEUxDCsIzsUOQ,3,f2a0a41e-bbd3-4c92-acd6-54eef6d8b419
UcoVB,qFjLlLDQmXEDrlMNLa,7,f2a0a41e-bbd3-4c92-acd6-54eef6d8b419
KtCly,xSc DhvKdXHLLiTsWVSI,7,f2a0a41e-bbd3-4c92-acd6-54eef6d8b419
lQSuS,KXANrIfmQQKxOjypP,9,f2a0a41e-bbd3-4c92-acd6-54eef6d8b419
HTCE,navFPSMgtr,8,f2a0a41e-bbd3-4c92-acd6-54eef6d8b419
VcNJV,PmhywBlyAajIc sLONR,10,f2a0a41e-bbd3-4c92-acd6-54eef6d8b419
KEmt,nMJmRJytEvpOuRf,6,f2a0a41e-bbd3-4c92-acd6-54eef6d8b419
ryP,SaNskzmVogFkQVpErgOb,6,f2a0a41e-bbd3-4c92-acd6-54eef6d8b419
KIm,MAGmyqHFPTZee,9,f2a0a41e-bbd3-4c92-acd6-54eef6d8b419
" ncSy",HkwMavCRCDbukMMMkE,9,f2a0a41e-bbd3-4c92-acd6-54eef6d8b419
wxcvg,SbXQPd XaFxIZifSV,1,f2a0a41e-bbd3-4c92-acd6-54eef6d8b419
QPL,LEljyZvfbsLfwbNgq,9,f2a0a41e-bbd3-4c92-acd6-54eef6d8b419
modAF,MhoqOFvZwfVC,9,f2a0a41e-bbd3-4c92-acd6-54eef6d8b419
aKvPZ,TXNQPHYrwmqG D,8,f2a0a41e-bbd3-4c92-acd6-54eef6d8b419
cELM,bYEXJnpLpqmygnvVkEoL,4,f2a0a41e-bbd3-4c92-acd6-54eef6d8b419
KUC," mueKWHCYetVAJ",6,f2a0a41e-bbd3-4c92-acd6-54eef6d8b419
oLKte,vYHNWkt vlgBI,10,f2a0a41e-bbd3-4c92-acd6-54eef6d8b419
xFO,SRAfEXvassZVrsT,8,f2a0a41e-bbd3-4c92-acd6-54eef6d8b419
GtoV,yIFWedyvlixOLkiUXcog,6,f2a0a41e-bbd3-4c92-acd6-54eef6d8b419
aXD,PdTKQczIEEP,2,f2a0a41e-bbd3-4c92-acd6-54eef6d8b419
nwv,XHrhzwBIWSQejkSmDMb,2,f2a0a41e-bbd3-4c92-acd6-54eef6d8b419
cIGb,bpIjvLytiiZaniZjWtnM,10,f2a0a41e-bbd3-4c92-acd6-54eef6d8b419
esAq,oYiMEJdUfcGYFFRAyseO,8,f2a0a41e-bbd3-4c92-acd6-54eef6d8b419
evTnY,zciZWzDl tetmzNc,6,f2a0a41e-bbd3-4c92-acd6-54eef6d8b419
SYnEA,BvxMuBvwozZqcl,4,f2a0a41e-bbd3-4c92-acd6-54eef6d8b419
JGdM,ADmRIcZiRkG,10,f2a0a41e-bbd3-4c92-acd6-54eef6d8b419
qjq,QDJpXWAFlfbOgbAAPB,2,f2a0a41e-bbd3-4c92-acd6-54eef6d8b419
RJBdA,ub Qcu lyN,1,f2a0a41e-bbd3-4c92-acd6-54eef6d8b419
XRXRL,TizcQSO SM DPDzhJP,5,f2a0a41e-bbd3-4c92-acd6-54eef6d8b419
xMK,ConclnQjEhdiTtYxZYaW,5,f2a0a41e-bbd3-4c92-acd6-54eef6d8b419
Qhh,QOT hSOfkrdy,8,f2a0a41e-bbd3-4c92-acd6-54eef6d8b419
Jum,XqXqNxMImdlh oyA,10,f2a0a41e-bbd3-4c92-acd6-54eef6d8b419
qTatK,LmcF  WlTCCTHzZ,8,f2a0a41e-bbd3-4c92-acd6-54eef6d8b419
iUq,GkomPRmsudiBYbOdCrq,8,f2a0a41e-bbd3-4c92-acd6-54eef6d8b419
Nt w,RUmUcgCLEiFtp,10,f2a0a41e-bbd3-4c92-acd6-54eef6d8b419
ZTD,xxUFrrNArOpBjQW,6,f2a0a41e-bbd3-4c92-acd6-54eef6d8b419
TNm,h zXochAfShfW,10,f2a0a41e-bbd3-4c92-acd6-54eef6d8b419
KqB,OdirabUNkuejnUYw,6,f2a0a41e-bbd3-4c92-acd6-54eef6d8b419
CwV,Yy nGFROEPqFlj,5,f2a0a41e-bbd3-4c92-acd6-54eef6d8b419
mLyJZ,ruDNpRUPCdie,1,f2a0a41e-bbd3-4c92-acd6-54eef6d8b419
ugJLA,OaHXlwTireGNthgZr,6,f2a0a41e-bbd3-4c92-acd6-54eef6d8b419
AJgjj,yiS opv NmhJJNozSABe,2,f2a0a41e-bbd3-4c92-acd6-54eef6d8b419
xXu,QaeqiBMCEUVwfp,4,f2a0a41e-bbd3-4c92-acd6-54eef6d8b419
Uxz,kkOhADUtYVhrV,5,f2a0a41e-bbd3-4c92-acd6-54eef6d8b419
ePmU,iGPeogDiDlelIpgv,5,f2a0a41e-bbd3-4c92-acd6-54eef6d8b419
gxX,IyEnEWuQpnTQzL,10,f2a0a41e-bbd3-4c92-acd6-54eef6d8b419
AQDq,EiAwKeVYXkp,9,f2a0a41e-bbd3-4c92-acd6-54eef6d8b419
gki,roKZoM jqrDWdCPyshlw,4,f2a0a41e-bbd3-4c92-acd6-54eef6d8b419
DEP,"fvekqMNqAkDvyJnu ",5,f2a0a41e-bbd3-4c92-acd6-54eef6d8b419
LdI,ViQgchdDPjRhkU,10,f2a0a41e-bbd3-4c92-acd6-54eef6d8b419
wCe,yjBDDeqKkHIEcSB,5,f2a0a41e-bbd3-4c92-acd6-54eef6d8b419
Zled,FMQdfMjiplFaWTcPJ,10,f2a0a41e-bbd3-4c92-acd6-54eef6d8b419
vsGyf,xepDAaGLEnaEXo,2,f2a0a41e-bbd3-4c92-acd6-54eef6d8b419
MMr,"hlVfaryVLhr ",2,f2a0a41e-bbd3-4c92-acd6-54eef6d8b419
QH x,ppEIWTdShGlsH,5,f2a0a41e-bbd3-4c92-acd6-54eef6d8b419
FfGAd,cFoWGAsKmqq,3,f2a0a41e-bbd3-4c92-acd6-54eef6d8b419
Yku,RwgOSFKYVzQvun,7,f2a0a41e-bbd3-4c92-acd6-54eef6d8b419
mOlF,CfNXUVaKroFXfqAtcll,9,f2a0a41e-bbd3-4c92-acd6-54eef6d8b419
utkO," fEwspAsNzcxGwj",7,f2a0a41e-bbd3-4c92-acd6-54eef6d8b419
LzeL,HTSOWNNJAOgpA,7,f2a0a41e-bbd3-4c92-acd6-54eef6d8b419
rbrps," kkPbEVWymCZ",6,f2a0a41e-bbd3-4c92-acd6-54eef6d8b419
aUXQb,JfHFTRMZajNWlUzjGhje,10,f2a0a41e-bbd3-4c92-acd6-54eef6d8b419
xVu,AZI FBjsZbL,3,f2a0a41e-bbd3-4c92-acd6-54eef6d8b419
rjHZy,FuoQYWsLdDMQLBsv,8,f2a0a41e-bbd3-4c92-acd6-54eef6d8b419
"lIz ",xLafKFlKYgjtqOjbpnyP,10,f2a0a41e-bbd3-4c92-acd6-54eef6d8b419
UktfV,joBRMCbqixfJROsHFYMm,1,f2a0a41e-bbd3-4c92-acd6-54eef6d8b419
ZloIz,JEqTBncyQv,5,f2a0a41e-bbd3-4c92-acd6-54eef6d8b419
Aczx,MeqQgVlGCpdfAyW,2,f2a0a41e-bbd3-4c92-acd6-54eef6d8b419
wSi,ObFiqLHWsXh,2,f2a0a41e-bbd3-4c92-acd6-54eef6d8b419
gYuFn,gRkQxtRXucQXzc,9,f2a0a41e-bbd3-4c92-acd6-54eef6d8b419
wyP,EnejcRAebdDnjrCuvqU,3,f2a0a41e-bbd3-4c92-acd6-54eef6d8b419
qyS,twvaKyLPpSPU,9,f2a0a41e-bbd3-4c92-acd6-54eef6d8b419
MIRGP,CnZbejwwxgSZc,4,f2a0a41e-bbd3-4c92-acd6-54eef6d8b419
QjMWu,PKGbseCEnEQLl xamW,6,f2a0a41e-bbd3-4c92-acd6-54eef6d8b419
ZRtZM,sHnkxEIWOhiSD YLd,2,f2a0a41e-bbd3-4c92-acd6-54eef6d8b419
WBp,tqoqeDVGFkLmJrHYIkl,5,f2a0a41e-bbd3-4c92-acd6-54eef6d8b419
ajVJ,WgtJCXYwZWUukcyNc,5,f2a0a41e-bbd3-4c92-acd6-54eef6d8b419
TmL,hojiwUpTtLhSeLyZ,4,f2a0a41e-bbd3-4c92-acd6-54eef6d8b419
Noz,wl ZmnvDmfhY,1,f2a0a41e-bbd3-4c92-acd6-54eef6d8b419
QXsVW,mqhpHfEVnnaGbbWPB,4,f2a0a41e-bbd3-4c92-acd6-54eef6d8b419
kdDb,XfXSutagZe,10,f2a0a41e-bbd3-4c92-acd6-54eef6d8b419
eGZH,qUZipLVrxLwQTAF,6,f2a0a41e-bbd3-4c92-acd6-54eef6d8b419
xdI,OuUMcawArRJSuoX,7,f2a0a41e-bbd3-4c92-acd6-54eef6d8b419
fDMg,jSUDUFMuJRdRW,2,f2a0a41e-bbd3-4c92-acd6-54eef6d8b419
rYsQB,hsSOmylqFnmxOKUPo,4,f2a0a41e-bbd3-4c92-acd6-54eef6d8b419
Axy," IMgQIcY npomOHtAE",10,f2a0a41e-bbd3-4c92-acd6-54eef6d8b419
YAES,dVcUNJKHD pHvqcmChuo,7,f2a0a41e-bbd3-4c92-acd6-54eef6d8b419
ZzBtG,ytbeCwcyXL,3,f2a0a41e-bbd3-4c92-acd6-54eef6d8b419
agq,lzHysFdEMFbNJqrt,9,f2a0a41e-bbd3-4c92-acd6-54eef6d8b419
Ous,ikbfVpslE HYNZjLy,7,f2a0a41e-bbd3-4c92-acd6-54eef6d8b419
COdoi,BuvqCReLVWn,6,f2a0a41e-bbd3-4c92-acd6-54eef6d8b419
mQYV,aqilJkUWfrLSiNhEFN,7,f2a0a41e-bbd3-4c92-acd6-54eef6d8b419
hzw,dbuHGgNjUmdFIiZg,1,f2a0a41e-bbd3-4c92-acd6-54eef6d8b419
HVi,H zMIJCydXOPEIKOn,6,f2a0a41e-bbd3-4c92-acd6-54eef6d8b419
iLSS,kspChWpuGOObtVrhCpMN,8,f2a0a41e-bbd3-4c92-acd6-54eef6d8b419
QhU h,yZnWkcpJyXLHxOcB,2,f2a0a41e-bbd3-4c92-acd6-54eef6d8b419
gJMwD,xIHfpAshonEZLXVuLcX,4,f2a0a41e-bbd3-4c92-acd6-54eef6d8b419
HeFWR,K vhyfmiPGSRmAQXED,8,f2a0a41e-bbd3-4c92-acd6-54eef6d8b419
RavSn,uzaDDeMkUBOCkDzzlS i,1,f2a0a41e-bbd3-4c92-acd6-54eef6d8b419
Wyga,dTtOvbwpbYC CPaObJNz,1,f2a0a41e-bbd3-4c92-acd6-54eef6d8b419
YxbnF,RoRSrmeWrZo,10,f2a0a41e-bbd3-4c92-acd6-54eef6d8b419
bAfar,kqSXEmCMRP,6,f2a0a41e-bbd3-4c92-acd6-54eef6d8b419
mVX,PFEnWbxaNr,10,f2a0a41e-bbd3-4c92-acd6-54eef6d8b419
BCL,zzvDvucoeaqvRY,3,f2a0a41e-bbd3-4c92-acd6-54eef6d8b419
Rubd,JCOoBufTGeW,3,f2a0a41e-bbd3-4c92-acd6-54eef6d8b419
WRXzr,rqdVTEUUsNBNMCzUY,5,f2a0a41e-bbd3-4c92-acd6-54eef6d8b419
SJk,"IchEOvatxKxpfcCq v ",2,f2a0a41e-bbd3-4c92-acd6-54eef6d8b419
cEbax,VWOCWvngLnhaVceh,8,f2a0a41e-bbd3-4c92-acd6-54eef6d8b419
pxM,ffwSVlHjVp,9,f2a0a41e-bbd3-4c92-acd6-54eef6d8b419
ZvE,HIBtmfLVxyvQIjbAq,3,f2a0a41e-bbd3-4c92-acd6-54eef6d8b419
CcNh,WGdWHlLiLVAiDaKpdRT,5,f2a0a41e-bbd3-4c92-acd6-54eef6d8b419
DOUH,HEkGKIhZdHvZ,3,f2a0a41e-bbd3-4c92-acd6-54eef6d8b419
PQYeC,oQLsktWhkYWEtm,8,f2a0a41e-bbd3-4c92-acd6-54eef6d8b419
QFyAS,RfOincsNbWdHQ,9,f2a0a41e-bbd3-4c92-acd6-54eef6d8b419
gXRGu,NmgSbEoTdxsady,4,f2a0a41e-bbd3-4c92-acd6-54eef6d8b419
zfX,eOpKcTuoiBgK,4,f2a0a41e-bbd3-4c92-acd6-54eef6d8b419
Kio,EjkLLrQSdjwM,3,f2a0a41e-bbd3-4c92-acd6-54eef6d8b419
DTQO,ivHSXqeZtX,1,f2a0a41e-bbd3-4c92-acd6-54eef6d8b419
bRS,tlmKzVpvtNwN,3,f2a0a41e-bbd3-4c92-acd6-54eef6d8b419
ghxZN,cwpMcgStoFuDK,1,f2a0a41e-bbd3-4c92-acd6-54eef6d8b419
gfypG,tJuhqSFQWnTbCAqlMSW,6,f2a0a41e-bbd3-4c92-acd6-54eef6d8b419
Cit,jniKRjiVwdUEIRVWYy,10,f2a0a41e-bbd3-4c92-acd6-54eef6d8b419
Yhv,YpwosPgFKArqpIM,1,f2a0a41e-bbd3-4c92-acd6-54eef6d8b419
oqeV,WRXBvHzUhbWHXn,2,f2a0a41e-bbd3-4c92-acd6-54eef6d8b419
UXRNZ,ATdiUYyjNdB dOcbS,6,f2a0a41e-bbd3-4c92-acd6-54eef6d8b419
ddPw,HpiSgIHpdfuh,9,f2a0a41e-bbd3-4c92-acd6-54eef6d8b419
jWvuz,JNBdBHysQblOcJWQtF,5,f2a0a41e-bbd3-4c92-acd6-54eef6d8b419
eojIV,nHNtOabwYxpx,6,f2a0a41e-bbd3-4c92-acd6-54eef6d8b419
NRs,TVLBeTfCJhSu,5,f2a0a41e-bbd3-4c92-acd6-54eef6d8b419
dLcYb,HidzrNPnhwDovZbq,10,f2a0a41e-bbd3-4c92-acd6-54eef6d8b419
oFqOo,oVgMGbJKrILuC,6,f2a0a41e-bbd3-4c92-acd6-54eef6d8b419
VIH,IGuPLHRyV hxmWlVGTsE,2,f2a0a41e-bbd3-4c92-acd6-54eef6d8b419
QDJNz,OzxiIduDDpZZS,3,f2a0a41e-bbd3-4c92-acd6-54eef6d8b419
xKeh,rItoQWzgCSuFQht,1,f2a0a41e-bbd3-4c92-acd6-54eef6d8b419
boQ,jnasyxTTBZTpPKuaxE,4,f2a0a41e-bbd3-4c92-acd6-54eef6d8b419
jCcTn,coyWIIwwouTqLEGLXZ,9,f2a0a41e-bbd3-4c92-acd6-54eef6d8b419
AdMR,aDSmSOCpofe fpv,9,f2a0a41e-bbd3-4c92-acd6-54eef6d8b419
BUhbm," URlcUjQBtuRgTNAQF l",6,f2a0a41e-bbd3-4c92-acd6-54eef6d8b419
YWZ,ITAaXRLaXXMAUYoUUP,1,f2a0a41e-bbd3-4c92-acd6-54eef6d8b419
fZnD,NIbXY OyrAFPm,8,f2a0a41e-bbd3-4c92-acd6-54eef6d8b419
Ekw,dFgqevnAeqYsR,1,f2a0a41e-bbd3-4c92-acd6-54eef6d8b419
jAo,"EgBRdDaCThCLo ",4,f2a0a41e-bbd3-4c92-acd6-54eef6d8b419
vkLG,bFghhEMqvq,7,f2a0a41e-bbd3-4c92-acd6-54eef6d8b419
RIxVJ,foxjUBqWQHBBNBh,1,f2a0a41e-bbd3-4c92-acd6-54eef6d8b419
DjOV,miwJAfdmMUzF,4,f2a0a41e-bbd3-4c92-acd6-54eef6d8b419
lILVU,ZZCwKxTMivLqR,8,f2a0a41e-bbd3-4c92-acd6-54eef6d8b419
yvW,DKSdIIvzsb,4,f2a0a41e-bbd3-4c92-acd6-54eef6d8b419
WXfm,xCtkCXFWZjZScpl EfmR,6,f2a0a41e-bbd3-4c92-acd6-54eef6d8b419
uAeSQ,srYAkIDzRUH,7,f2a0a41e-bbd3-4c92-acd6-54eef6d8b419
Gqp,HJWPformZWosTFguF,6,f2a0a41e-bbd3-4c92-acd6-54eef6d8b419
BFs,sfjNVJfPYNjrQ fnOSvW,5,f2a0a41e-bbd3-4c92-acd6-54eef6d8b419
rrd,uCPZcyxLRzPe,10,f2a0a41e-bbd3-4c92-acd6-54eef6d8b419
Hs ct,wFeOXqbPvBKFcgn EmBN,10,f2a0a41e-bbd3-4c92-acd6-54eef6d8b419
ptUo,zILuVWLQAnTKtlJ,4,f2a0a41e-bbd3-4c92-acd6-54eef6d8b419
pGkH,csZitXlvwHENT,3,f2a0a41e-bbd3-4c92-acd6-54eef6d8b419
SfK,JwHHpfsUhMzbwY,1,f2a0a41e-bbd3-4c92-acd6-54eef6d8b419
SWUpu,NgdIgHzNmxnSlJGc,1,f2a0a41e-bbd3-4c92-acd6-54eef6d8b419
cxNKN,"gTTHwybbENiaWuQ ",3,f2a0a41e-bbd3-4c92-acd6-54eef6d8b419
eDaJ,qPdGitjr dEUwJv,5,f2a0a41e-bbd3-4c92-acd6-54eef6d8b419
TvI,tjptkRHyLCdIS,8,f2a0a41e-bbd3-4c92-acd6-54eef6d8b419
c O,w ViHlDfTSTnM,6,f2a0a41e-bbd3-4c92-acd6-54eef6d8b419
" jiua",cTIQHDEdty,7,f2a0a41e-bbd3-4c92-acd6-54eef6d8b419
hvdCf,XGmkFSszGE tKN,7,f2a0a41e-bbd3-4c92-acd6-54eef6d8b419
nmn,zHBRRYkhWlWbKtALrO,5,f2a0a41e-bbd3-4c92-acd6-54eef6d8b419
hcEVL,sZJkrGCcPJLl,1,f2a0a41e-bbd3-4c92-acd6-54eef6d8b419
IkO,GvndTVWNffHlilZDfENA,2,f2a0a41e-bbd3-4c92-acd6-54eef6d8b419
ySv,"Gp ifKgZyZXO ",6,f2a0a41e-bbd3-4c92-acd6-54eef6d8b419
Ptd,MhszXIShGkrF,5,f2a0a41e-bbd3-4c92-acd6-54eef6d8b419
WBAG,TKLruSRmdk,4,f2a0a41e-bbd3-4c92-acd6-54eef6d8b419
EztN,iBXnFXY OJjQzlQ,4,f2a0a41e-bbd3-4c92-acd6-54eef6d8b419
VWQJu,xjkOv OLqMRyTCO,1,f2a0a41e-bbd3-4c92-acd6-54eef6d8b419
rseP,ecbKIitYguVrSPIw,6,f2a0a41e-bbd3-4c92-acd6-54eef6d8b419
w MQ,qSKWktORDKp,8,f2a0a41e-bbd3-4c92-acd6-54eef6d8b419
xRw,vcxMqyzPWFFeDaLPBUzM,7,f2a0a41e-bbd3-4c92-acd6-54eef6d8b419
sVsi,idvifvvbei,1,f2a0a41e-bbd3-4c92-acd6-54eef6d8b419
YCucc,IVYuLXaqWtceaTYcx,7,f2a0a41e-bbd3-4c92-acd6-54eef6d8b419
iDb,olsFbPJiXZX,2,f2a0a41e-bbd3-4c92-acd6-54eef6d8b419
XYi,kPuNIfkNJKiaywiPVc,1,f2a0a41e-bbd3-4c92-acd6-54eef6d8b419
gtD,mqQSgGgTBJBvdugUQrkq,4,f2a0a41e-bbd3-4c92-acd6-54eef6d8b419
ePAd,xmMqnMpbbvo,10,f2a0a41e-bbd3-4c92-acd6-54eef6d8b419
vsH,LvEfO UeZoRXuWg,9,f2a0a41e-bbd3-4c92-acd6-54eef6d8b419
ECyY,NjIljlIslrZUBzPAgVJ,6,f2a0a41e-bbd3-4c92-acd6-54eef6d8b419
prDQf,TOuzfOFQFzDPbWAaHOW,10,f2a0a41e-bbd3-4c92-acd6-54eef6d8b419
xVKC,"ccXKnvGBB ",4,f2a0a41e-bbd3-4c92-acd6-54eef6d8b419
Vhl,lFmbVUviMAicod,8,f2a0a41e-bbd3-4c92-acd6-54eef6d8b419
Qmdp,Uf xfKubrlI,8,f2a0a41e-bbd3-4c92-acd6-54eef6d8b419
"gDpQ ",KHyXRBnzvZAebEUwYaf,1,f2a0a41e-bbd3-4c92-acd6-54eef6d8b419
YfEh,mslwBhbjviSCUNKvB,6,f2a0a41e-bbd3-4c92-acd6-54eef6d8b419
ZeAc,NZpzvviRXlN uv,9,f2a0a41e-bbd3-4c92-acd6-54eef6d8b419
" RXK",WvLTppKPgs,1,f2a0a41e-bbd3-4c92-acd6-54eef6d8b419
QDQE,cIvwoROMBla nrDDZQLl,2,f2a0a41e-bbd3-4c92-acd6-54eef6d8b419
sGM,KRxCfglVXqRqrNBBY,2,f2a0a41e-bbd3-4c92-acd6-54eef6d8b419
Ijt,RABGp xkCpQowHvxhek,4,f2a0a41e-bbd3-4c92-acd6-54eef6d8b419
YYA,fRwzPExjaVr,1,f2a0a41e-bbd3-4c92-acd6-54eef6d8b419
Qjjc,UIMrfNdiJrerkRqW,2,f2a0a41e-bbd3-4c92-acd6-54eef6d8b419
Ibx,lpZfyowMPegPtfTWjTyA,4,f2a0a41e-bbd3-4c92-acd6-54eef6d8b419
uKQv,Txh JoKNeok,4,f2a0a41e-bbd3-4c92-acd6-54eef6d8b419
"ChT ",KPgTGvKYbUSAbFIMTWrH,8,f2a0a41e-bbd3-4c92-acd6-54eef6d8b419
qLt,ifzAAdxeXGPokMFSLii,5,f2a0a41e-bbd3-4c92-acd6-54eef6d8b419
eLHz,fuXZToQUHYPlc,6,f2a0a41e-bbd3-4c92-acd6-54eef6d8b419
iyZ,EXmbpRBCufbOAWX,5,f2a0a41e-bbd3-4c92-acd6-54eef6d8b419
jbm,IHccWbNAfLUp,4,f2a0a41e-bbd3-4c92-acd6-54eef6d8b419
BiP,ZaHWXjnvIkyYIOfyq,9,f2a0a41e-bbd3-4c92-acd6-54eef6d8b419
MMSmH,q wgVCTqqRJcQjWLpT,9,f2a0a41e-bbd3-4c92-acd6-54eef6d8b419
wMovA,qwaAOdJZYexPEWA,3,f2a0a41e-bbd3-4c92-acd6-54eef6d8b419
AlPI,VgiVboYTonaolAkcgSvn,1,f2a0a41e-bbd3-4c92-acd6-54eef6d8b419
GCetH,ZGdJyUl AcTblsQ,5,f2a0a41e-bbd3-4c92-acd6-54eef6d8b419
TtIU,LHJJNRjYBCJjuqS,8,f2a0a41e-bbd3-4c92-acd6-54eef6d8b419
knA,DcUBEzOunIR,1,f2a0a41e-bbd3-4c92-acd6-54eef6d8b419
cqGFH,MAlieFmGVYNjuMm,10,f2a0a41e-bbd3-4c92-acd6-54eef6d8b419
ApC,WYebcScyZbfEtCr,1,f2a0a41e-bbd3-4c92-acd6-54eef6d8b419
iVPH,akerrwUhfAYlGO,9,f2a0a41e-bbd3-4c92-acd6-54eef6d8b419
fMeW,ohhDGgthBfjeEnPwKX,5,f2a0a41e-bbd3-4c92-acd6-54eef6d8b419
GAr,SlDBxCyhqyOYvbZrirnm,9,f2a0a41e-bbd3-4c92-acd6-54eef6d8b419
GMz,ojxQLKMomwnun,10,f2a0a41e-bbd3-4c92-acd6-54eef6d8b419
aqVrP,OrPywRxElkx,6,f2a0a41e-bbd3-4c92-acd6-54eef6d8b419
fIi,tITolRfkpQAuyUxneNQM,3,f2a0a41e-bbd3-4c92-acd6-54eef6d8b419
qnH,vNIRPFTPupVPZZ,5,f2a0a41e-bbd3-4c92-acd6-54eef6d8b419
Pc ao,pHhgAzzELQXAaYpYa,7,f2a0a41e-bbd3-4c92-acd6-54eef6d8b419
ZGXO,aTHemoLtvq,10,f2a0a41e-bbd3-4c92-acd6-54eef6d8b419
iSUcR,FpgDxfoThqck,6,f2a0a41e-bbd3-4c92-acd6-54eef6d8b419
stzD,psnJwrXPrALTicPvH,10,f2a0a41e-bbd3-4c92-acd6-54eef6d8b419
njbgO,ulFXfAYsqQea,4,f2a0a41e-bbd3-4c92-acd6-54eef6d8b419
OLqt,PvYTAuHmlXV,5,f2a0a41e-bbd3-4c92-acd6-54eef6d8b419
lIyRz,ZjvRfsWjpIydgm,3,f2a0a41e-bbd3-4c92-acd6-54eef6d8b419
vedZ,FZDWFgElckjjVNiZXTJy,4,f2a0a41e-bbd3-4c92-acd6-54eef6d8b419
mv fx,vAhKLrJySquGvZ,2,f2a0a41e-bbd3-4c92-acd6-54eef6d8b419
DTel,IvPAnrIUxy,4,f2a0a41e-bbd3-4c92-acd6-54eef6d8b419
tFnBA,VUmLpRhfRF kASbqDx,4,f2a0a41e-bbd3-4c92-acd6-54eef6d8b419
YQLw,GvtazUzIbdFjHEESqlTX,3,f2a0a41e-bbd3-4c92-acd6-54eef6d8b419
XNy,VSKXSevWUbqZjLItP,8,f2a0a41e-bbd3-4c92-acd6-54eef6d8b419
jKJIK,OCvlphrRLNuXdSLHPG,3,f2a0a41e-bbd3-4c92-acd6-54eef6d8b419
tBba," WfmGoEfqDAGxM",4,f2a0a41e-bbd3-4c92-acd6-54eef6d8b419
JuAnw,xukFawDxVMdSsge,6,f2a0a41e-bbd3-4c92-acd6-54eef6d8b419
kTGD,ExRTsIHHvz,3,f2a0a41e-bbd3-4c92-acd6-54eef6d8b419
QkMNx,iNmRgufrAfTVmDT,8,f2a0a41e-bbd3-4c92-acd6-54eef6d8b419
rAkYo,SHqySTAtSJZoZJwHB,7,f2a0a41e-bbd3-4c92-acd6-54eef6d8b419
obx,wgIjmiwUQO,5,f2a0a41e-bbd3-4c92-acd6-54eef6d8b419
KvY,JDSGEApyFcINmpJDJyc,6,f2a0a41e-bbd3-4c92-acd6-54eef6d8b419
nN K,efCLmZxihVBjnUaZa,2,f2a0a41e-bbd3-4c92-acd6-54eef6d8b419
EiuRg,CNRRrwUWVclDiteO,9,f2a0a41e-bbd3-4c92-acd6-54eef6d8b419
pYIdC,pRfqaeInECXX,1,f2a0a41e-bbd3-4c92-acd6-54eef6d8b419
Wlxj," WMXghrScxMMFZZefXW",5,f2a0a41e-bbd3-4c92-acd6-54eef6d8b419
mUs,qGSQmEAZEEfgiOoAYBXW,7,f2a0a41e-bbd3-4c92-acd6-54eef6d8b419
OcXG,jebHwMrqaNmYaLopEfP,9,f2a0a41e-bbd3-4c92-acd6-54eef6d8b419
Ofw,SCrQsFbyGYMhRJ,7,f2a0a41e-bbd3-4c92-acd6-54eef6d8b419
VWQ,bmzAxzrjMTQ,6,f2a0a41e-bbd3-4c92-acd6-54eef6d8b419
Puz,rgjFdZkdpZ ggikVbuap,7,f2a0a41e-bbd3-4c92-acd6-54eef6d8b419
EGDKq,SzYOInuOCKe,5,f2a0a41e-bbd3-4c92-acd6-54eef6d8b419
LGvq,"SQfIgULfeyhTlw ",5,f2a0a41e-bbd3-4c92-acd6-54eef6d8b419
vRWQ,XGZuEqneAlHgTUCE,10,f2a0a41e-bbd3-4c92-acd6-54eef6d8b419
fixd,adxYkHaL ZXDQkz,10,f2a0a41e-bbd3-4c92-acd6-54eef6d8b419
rVR,ldaaXpHCgoOHQaZczkH,1,f2a0a41e-bbd3-4c92-acd6-54eef6d8b419
mPU,ruzfhKZigxC,3,f2a0a41e-bbd3-4c92-acd6-54eef6d8b419
PMG,nSYzZGakXouo,4,f2a0a41e-bbd3-4c92-acd6-54eef6d8b419
mcSBX,XtVAuKXYYeSh,5,f2a0a41e-bbd3-4c92-acd6-54eef6d8b419
ufsLN,GGLLEJqDdl,2,f2a0a41e-bbd3-4c92-acd6-54eef6d8b419
DzR,QcyIeEEIBmTrI,7,f2a0a41e-bbd3-4c92-acd6-54eef6d8b419
Wqp,bmZdySXfyM,5,f2a0a41e-bbd3-4c92-acd6-54eef6d8b419
UQxGL," pZkpqucmExVc",7,f2a0a41e-bbd3-4c92-acd6-54eef6d8b419
"ze ",uKyIuVadTLD,10,f2a0a41e-bbd3-4c92-acd6-54eef6d8b419
BdQ,KEnFmceOlAH,1,f2a0a41e-bbd3-4c92-acd6-54eef6d8b419
dbif,QVdZCONvtdkyjwAS,9,f2a0a41e-bbd3-4c92-acd6-54eef6d8b419
OjC,cSqKbjEoYvzfdQwYV,6,f2a0a41e-bbd3-4c92-acd6-54eef6d8b419
vtq,RDzUGMgdjqWTNPsdon,3,f2a0a41e-bbd3-4c92-acd6-54eef6d8b419
ynN,mlGoXwXjarIkw,2,f2a0a41e-bbd3-4c92-acd6-54eef6d8b419
YKp,CeXmWQFTkUj,8,f2a0a41e-bbd3-4c92-acd6-54eef6d8b419
EfRb,jdwdrew t RQ,5,f2a0a41e-bbd3-4c92-acd6-54eef6d8b419
bJxg,cveAzEixXp,4,f2a0a41e-bbd3-4c92-acd6-54eef6d8b419
eSF,XfOAvGrvRDuUDS,5,f2a0a41e-bbd3-4c92-acd6-54eef6d8b419
nrDlQ,LooWDzAtS hTp,6,f2a0a41e-bbd3-4c92-acd6-54eef6d8b419
ONZ,vedWJUEIkjq,6,f2a0a41e-bbd3-4c92-acd6-54eef6d8b419
a che,Outm jWnOi,5,f2a0a41e-bbd3-4c92-acd6-54eef6d8b419
JYj F,lg ZVSnkoynBtpbludoV,1,f2a0a41e-bbd3-4c92-acd6-54eef6d8b419
"xDe ",npPWgknqDvQ,5,f2a0a41e-bbd3-4c92-acd6-54eef6d8b419
ByB,TTxRPWnOkvY,5,f2a0a41e-bbd3-4c92-acd6-54eef6d8b419
RJR,tkrKDZ KBtfPrybV,1,f2a0a41e-bbd3-4c92-acd6-54eef6d8b419
FvFk,EuvpEyFIsDBtikQu,8,f2a0a41e-bbd3-4c92-acd6-54eef6d8b419
NMg,cSXJNcjNQYyksFxbwLwJ,3,f2a0a41e-bbd3-4c92-acd6-54eef6d8b419
lFB,bWgQuaXDvtiNWsuCler,3,f2a0a41e-bbd3-4c92-acd6-54eef6d8b419
TEJqk,ErjZgoUdbYZYSCdul,10,f2a0a41e-bbd3-4c92-acd6-54eef6d8b419
hVABr,OEYwVLEcSD,3,f2a0a41e-bbd3-4c92-acd6-54eef6d8b419
jBj j,NvWyvLznpPI  z wuSl,8,f2a0a41e-bbd3-4c92-acd6-54eef6d8b419
SiJc,NNYHaDJhVWlqimLA,1,f2a0a41e-bbd3-4c92-acd6-54eef6d8b419
QCCtD,fPVYRWNjdobgATOB,4,f2a0a41e-bbd3-4c92-acd6-54eef6d8b419
Nn Y,BwX akgvdAsCG,1,f2a0a41e-bbd3-4c92-acd6-54eef6d8b419
mCvs,ywrOLpoOqMOuQbxJw,10,f2a0a41e-bbd3-4c92-acd6-54eef6d8b419
YaZBX,kvrhBcBbRGSoOwqJd,4,f2a0a41e-bbd3-4c92-acd6-54eef6d8b419
reAch,omlwRTqlthkcS,9,f2a0a41e-bbd3-4c92-acd6-54eef6d8b419
Lwap,oyeWfLvOTlpT E,6,f2a0a41e-bbd3-4c92-acd6-54eef6d8b419
elq,bbbPPxpb GksxOmOce,6,f2a0a41e-bbd3-4c92-acd6-54eef6d8b419
phtNz,DRMKLBkyFqASNHCvQ,6,f2a0a41e-bbd3-4c92-acd6-54eef6d8b419
ptFE,VbihDIqZwMszEPCPmix,2,f2a0a41e-bbd3-4c92-acd6-54eef6d8b419
Csacp,TSbFCfNoLm diqRHMPz,9,f2a0a41e-bbd3-4c92-acd6-54eef6d8b419
KKe,PRIuUtxtezcPPYuBdY,6,f2a0a41e-bbd3-4c92-acd6-54eef6d8b419
lsByg,qUSjDBtoNmaapBCAq,8,f2a0a41e-bbd3-4c92-acd6-54eef6d8b419
ngk,UtLmhQSZVNKFA,6,f2a0a41e-bbd3-4c92-acd6-54eef6d8b419
aPP,OjkkeD zbvqRKNt,5,f2a0a41e-bbd3-4c92-acd6-54eef6d8b419
ENi,bOYGRCPOnrJGPliOCu,8,f2a0a41e-bbd3-4c92-acd6-54eef6d8b419
jP O,idkTZ YxlogB,7,f2a0a41e-bbd3-4c92-acd6-54eef6d8b419
VIK,uOFkeziLMKFSmOen,3,f2a0a41e-bbd3-4c92-acd6-54eef6d8b419
eDG,DfcVdhXtYHw,1,f2a0a41e-bbd3-4c92-acd6-54eef6d8b419
tlnGA,VDMjFqOtNoncFUyuEH,8,f2a0a41e-bbd3-4c92-acd6-54eef6d8b419
jOFk,qTZbLCMugfQXjKQ,2,f2a0a41e-bbd3-4c92-acd6-54eef6d8b419
ZuNnb,XGGwCEharVfKTvD,6,f2a0a41e-bbd3-4c92-acd6-54eef6d8b419
qpBlV,ClGkloGnafnc,7,f2a0a41e-bbd3-4c92-acd6-54eef6d8b419
blFit,rsEArqvDDM,9,f2a0a41e-bbd3-4c92-acd6-54eef6d8b419
BnTID,acbzKTdtISJcAAtxUI,7,f2a0a41e-bbd3-4c92-acd6-54eef6d8b419
Pgj,wgdHnUljSsEuZWlSlE,4,f2a0a41e-bbd3-4c92-acd6-54eef6d8b419
gqY,swbzEenCRQNAk,8,f2a0a41e-bbd3-4c92-acd6-54eef6d8b419
agWc,hkCVdXqtCAmYdYgTWEN,9,f2a0a41e-bbd3-4c92-acd6-54eef6d8b419
EBoh,yYebMDjpSAOBR,6,f2a0a41e-bbd3-4c92-acd6-54eef6d8b419
uSA,dbeIWTJCJrMrHCk,10,f2a0a41e-bbd3-4c92-acd6-54eef6d8b419
GPi," fFdChfEdSgMbNFK",10,f2a0a41e-bbd3-4c92-acd6-54eef6d8b419
RmcrL,ppDwB CzlRgJWhZtpSA,4,f2a0a41e-bbd3-4c92-acd6-54eef6d8b419
DUBva,uDwRTMDnnCwEbGIg,4,f2a0a41e-bbd3-4c92-acd6-54eef6d8b419
rvSYY,LJkAvUhXYS w,5,f2a0a41e-bbd3-4c92-acd6-54eef6d8b419
ORqj,KVqXsMfNBusKTszxClq,6,f2a0a41e-bbd3-4c92-acd6-54eef6d8b419
FkZSY,DZhGJkOAIfr,6,f2a0a41e-bbd3-4c92-acd6-54eef6d8b419
PHstA,mbNjpyLQDygCbnr,5,f2a0a41e-bbd3-4c92-acd6-54eef6d8b419
BNmNT,VpUhvdTiulWlFgoKCDpY,2,f2a0a41e-bbd3-4c92-acd6-54eef6d8b419
AzaTh,WWDMvFZeDcCmUxOwYpev,5,f2a0a41e-bbd3-4c92-acd6-54eef6d8b419
aZG,ucRZCulrsWspIK,1,f2a0a41e-bbd3-4c92-acd6-54eef6d8b419
sAskQ,aPSolCrvAICTSNChUPk,9,f2a0a41e-bbd3-4c92-acd6-54eef6d8b419
KVCc,qSzyJIpaNXLeSHKurZs,7,f2a0a41e-bbd3-4c92-acd6-54eef6d8b419
LiFS,"hafgyuPkfzQ ",1,f2a0a41e-bbd3-4c92-acd6-54eef6d8b419
jQj,BiRMbT HLPNoMvsDv,7,f2a0a41e-bbd3-4c92-acd6-54eef6d8b419
Zax,gGzOYx MrBUkC,8,f2a0a41e-bbd3-4c92-acd6-54eef6d8b419
SoD,SWOHkfXZNS,7,f2a0a41e-bbd3-4c92-acd6-54eef6d8b419
tcA," vBLRQimUpzqbFkz",4,f2a0a41e-bbd3-4c92-acd6-54eef6d8b419
OsPlw,spGRtmOcRI,1,f2a0a41e-bbd3-4c92-acd6-54eef6d8b419
tMM,bKpJyJMUltT,9,f2a0a41e-bbd3-4c92-acd6-54eef6d8b419
uDRYI,YFVUUUwiUQ,8,f2a0a41e-bbd3-4c92-acd6-54eef6d8b419
FpztZ,dpkyUAJnQSYpkbvRojA,4,f2a0a41e-bbd3-4c92-acd6-54eef6d8b419
xCwcf,"yiDJkBhSP ",10,f2a0a41e-bbd3-4c92-acd6-54eef6d8b419
xSe,mdMcpMHmFGflnqV,7,f2a0a41e-bbd3-4c92-acd6-54eef6d8b419
EGmkm,jvdMfqVwHCIYg,8,f2a0a41e-bbd3-4c92-acd6-54eef6d8b419
wsFlx,TiEvOYqVhQlmtBvs,10,f2a0a41e-bbd3-4c92-acd6-54eef6d8b419
hRJyT,QpMJZpjFmsFcDpP,1,f2a0a41e-bbd3-4c92-acd6-54eef6d8b419
" TO",AiFKoyNeKFnXiYeecF,2,f2a0a41e-bbd3-4c92-acd6-54eef6d8b419
scc,yfLXQFHjcjepsQKY,3,f2a0a41e-bbd3-4c92-acd6-54eef6d8b419
DuP,GdkkVfpeAAwL,9,f2a0a41e-bbd3-4c92-acd6-54eef6d8b419
ydH,jAOIDCWVOoeq,3,f2a0a41e-bbd3-4c92-acd6-54eef6d8b419
qbtDH,bOvkvjxzLhNbbSevDuX,4,f2a0a41e-bbd3-4c92-acd6-54eef6d8b419
eDupd,uZvghJRxzesXD,1,f2a0a41e-bbd3-4c92-acd6-54eef6d8b419
lFD,YOUMiuFHtiyiQWsVTXwf,2,f2a0a41e-bbd3-4c92-acd6-54eef6d8b419
CmV,JhQDQFmeOKte,9,f2a0a41e-bbd3-4c92-acd6-54eef6d8b419
Xak," pXStVZjmwlbR",4,f2a0a41e-bbd3-4c92-acd6-54eef6d8b419
lmq,ckzUdMnvdpD,5,f2a0a41e-bbd3-4c92-acd6-54eef6d8b419
iinZ,"CQSopGPEtTecnyOOKIo ",4,f2a0a41e-bbd3-4c92-acd6-54eef6d8b419
sSeux,FttOXxjdoDjxFovc,5,f2a0a41e-bbd3-4c92-acd6-54eef6d8b419
DFH,fhHefjjfFDETkFjL,5,f2a0a41e-bbd3-4c92-acd6-54eef6d8b419
qbfAb," skLvYRNjeA",2,f2a0a41e-bbd3-4c92-acd6-54eef6d8b419
EyEc,onoNDltuAQF ncFfil,6,f2a0a41e-bbd3-4c92-acd6-54eef6d8b419
"RhjT ",rUVKLPddnhzcrZNz,7,f2a0a41e-bbd3-4c92-acd6-54eef6d8b419
SOMc,PeOwOPmKYrssMiXP,6,f2a0a41e-bbd3-4c92-acd6-54eef6d8b419
f rq,yqDDGOxxjyBvYSPYAQN,8,f2a0a41e-bbd3-4c92-acd6-54eef6d8b419
ZilO,LZJNHX UPKsGhYMxEl,4,f2a0a41e-bbd3-4c92-acd6-54eef6d8b419
mnEaY,GyreQkSYblutadlsAXx,10,f2a0a41e-bbd3-4c92-acd6-54eef6d8b419
GMlt,cPaQYWJEckefXCx,8,f2a0a41e-bbd3-4c92-acd6-54eef6d8b419
LSq,bxiZOywPOOXYIJtR,8,f2a0a41e-bbd3-4c92-acd6-54eef6d8b419
UCxE,VTdwnBIYHGOY FNM,3,f2a0a41e-bbd3-4c92-acd6-54eef6d8b419
jkeMN,duwzrSRjQKUy,1,f2a0a41e-bbd3-4c92-acd6-54eef6d8b419
YNXf,lzpLmrVTiqEhJahUK,1,f2a0a41e-bbd3-4c92-acd6-54eef6d8b419
vn y,PaTCmNKzEbq,7,f2a0a41e-bbd3-4c92-acd6-54eef6d8b419
KHx,CgDgtLyBNu,3,f2a0a41e-bbd3-4c92-acd6-54eef6d8b419
vYB,kKZsHDmLWxKZLgh,4,f2a0a41e-bbd3-4c92-acd6-54eef6d8b419
lHGm,bPsKgYSrKwsc,5,f2a0a41e-bbd3-4c92-acd6-54eef6d8b419
cJnE,YUksmkGFcscs,3,f2a0a41e-bbd3-4c92-acd6-54eef6d8b419
RiUu,WYkVsYSZfDXi,10,f2a0a41e-bbd3-4c92-acd6-54eef6d8b419
LKyu,IaMVNaBvikpEPtppM,3,f2a0a41e-bbd3-4c92-acd6-54eef6d8b419
aCI,erBtcxiiORgxEzkBMlaw,7,f2a0a41e-bbd3-4c92-acd6-54eef6d8b419
CduFP,bHNScYTvMhJnKaCu,3,f2a0a41e-bbd3-4c92-acd6-54eef6d8b419
" OBb",tgadzxCInfoQesWnGq,8,f2a0a41e-bbd3-4c92-acd6-54eef6d8b419
FwRD,DJQxDLDKRRmdyXBbi,4,f2a0a41e-bbd3-4c92-acd6-54eef6d8b419
pOdzh,WEIrFWpognXYxchRnp,4,f2a0a41e-bbd3-4c92-acd6-54eef6d8b419
yqwr,KebDSZbwQ ypUSX,1,f2a0a41e-bbd3-4c92-acd6-54eef6d8b419
PmixC,qmxKlIzLpuGQBC,4,f2a0a41e-bbd3-4c92-acd6-54eef6d8b419
Wtjap,QLHkpojAEHmpqFIUqX,4,f2a0a41e-bbd3-4c92-acd6-54eef6d8b419
dAi,q fZNjjeTNxafa,9,f2a0a41e-bbd3-4c92-acd6-54eef6d8b419
yTTP,mYUlaQ qHIl,10,f2a0a41e-bbd3-4c92-acd6-54eef6d8b419
iyuAU,HzhswBRFbsb,4,f2a0a41e-bbd3-4c92-acd6-54eef6d8b419
ISxDr,HhTxouKXVp,1,f2a0a41e-bbd3-4c92-acd6-54eef6d8b419
kJUBu,AzCsgSrTrEtvypj,5,f2a0a41e-bbd3-4c92-acd6-54eef6d8b419
QdiiF,a hrnCGJIRqSnYtz,7,f2a0a41e-bbd3-4c92-acd6-54eef6d8b419
qgQzS,iYdxQsAtRUZEWPgheL,10,f2a0a41e-bbd3-4c92-acd6-54eef6d8b419
tek,CzPXDDjtApkvwJT,4,f2a0a41e-bbd3-4c92-acd6-54eef6d8b419
zZPwo,YpmJbdbWNvC,9,f2a0a41e-bbd3-4c92-acd6-54eef6d8b419
oBG,iIzAqAczGakQuKOY,9,f2a0a41e-bbd3-4c92-acd6-54eef6d8b419
bWGf,JhXclYHxUsLQKd,1,f2a0a41e-bbd3-4c92-acd6-54eef6d8b419
DyK,dNPafWOfPOKOHPh,10,f2a0a41e-bbd3-4c92-acd6-54eef6d8b419
uNr,eMjYLMTCILko,8,f2a0a41e-bbd3-4c92-acd6-54eef6d8b419
IaC,"psTdvYZJb ",10,f2a0a41e-bbd3-4c92-acd6-54eef6d8b419
fAfF,sHDMghWUkbXL,6,f2a0a41e-bbd3-4c92-acd6-54eef6d8b419
qhLH,rpLfdlQvUS,2,f2a0a41e-bbd3-4c92-acd6-54eef6d8b419
hqtwP,DqcEnzUxRdHXHOfXzlbT,3,f2a0a41e-bbd3-4c92-acd6-54eef6d8b419
eOJ,tJNXUVybymZoGKJzIrRn,5,f2a0a41e-bbd3-4c92-acd6-54eef6d8b419
AcmOW,qGyKypRUlri u,3,f2a0a41e-bbd3-4c92-acd6-54eef6d8b419
dZWa,P I DZQkcy,2,f2a0a41e-bbd3-4c92-acd6-54eef6d8b419
poB,VfxsTrhufkblMP,7,f2a0a41e-bbd3-4c92-acd6-54eef6d8b419
PwZO,OymzugcWKYIJeRCPAScz,2,f2a0a41e-bbd3-4c92-acd6-54eef6d8b419
uKbAJ,mRYOThYvtgz,2,f2a0a41e-bbd3-4c92-acd6-54eef6d8b419
JnMU,xRhDwpIiexPh,8,f2a0a41e-bbd3-4c92-acd6-54eef6d8b419
"lXQ ",qQCqJcIoQGbv,7,f2a0a41e-bbd3-4c92-acd6-54eef6d8b419
bho,bZzoTGkAXQkCM,4,f2a0a41e-bbd3-4c92-acd6-54eef6d8b419
o ZUC,EcEexIRtzxLW,2,f2a0a41e-bbd3-4c92-acd6-54eef6d8b419
SOvo,dmjBGbPhclDfEmNgpX,1,f2a0a41e-bbd3-4c92-acd6-54eef6d8b419
mgfP,ERXCPfJeRDWTddi,3,f2a0a41e-bbd3-4c92-acd6-54eef6d8b419
TtT,zPDyQQNLrraTZx,3,f2a0a41e-bbd3-4c92-acd6-54eef6d8b419
DJl,RpjGVsGuTmbV,7,f2a0a41e-bbd3-4c92-acd6-54eef6d8b419
sDfoT,QuFHyDKKYLUDVM,4,f2a0a41e-bbd3-4c92-acd6-54eef6d8b419
sGa,hAZUQsktfdFqoJsb,1,f2a0a41e-bbd3-4c92-acd6-54eef6d8b419
cMP,RfCjrCjRenteZtPOl,10,f2a0a41e-bbd3-4c92-acd6-54eef6d8b419
kZV,WqfLbVGtcIXIvttAw,7,f2a0a41e-bbd3-4c92-acd6-54eef6d8b419
ui jl,uRu LfFzorFG,7,f2a0a41e-bbd3-4c92-acd6-54eef6d8b419
MBNHR,LrUpqKu ov,5,f2a0a41e-bbd3-4c92-acd6-54eef6d8b419
YbWiC," hfZqBSwM twARsRrO",5,f2a0a41e-bbd3-4c92-acd6-54eef6d8b419
rea,gnfjipPzpejrKzldA,7,f2a0a41e-bbd3-4c92-acd6-54eef6d8b419
DvD,lLfuApxHDQ,1,f2a0a41e-bbd3-4c92-acd6-54eef6d8b419
Gkc,uoZyPcevMdzQzo,9,f2a0a41e-bbd3-4c92-acd6-54eef6d8b419
QC kY,oMTvXNWXuqVJPoDdNtvc,3,f2a0a41e-bbd3-4c92-acd6-54eef6d8b419
RMY k,XKCFwJGRuicpq d,3,f2a0a41e-bbd3-4c92-acd6-54eef6d8b419
PNU,KfAJkvGQVGEUwpuGKjB,6,f2a0a41e-bbd3-4c92-acd6-54eef6d8b419
pQm,fneYNaCOwOGd,1,f2a0a41e-bbd3-4c92-acd6-54eef6d8b419
UXBaO,SpcVbkTukSsS,8,f2a0a41e-bbd3-4c92-acd6-54eef6d8b419
Tdv,GnyIXBnvjZnNabd,5,f2a0a41e-bbd3-4c92-acd6-54eef6d8b419
Hjd,EfMdUVnUtIZKb,6,f2a0a41e-bbd3-4c92-acd6-54eef6d8b419
nluK,iJXiBfXuAL,1,f2a0a41e-bbd3-4c92-acd6-54eef6d8b419
yQw,cQOMSgBtJykNkWNcpe,4,f2a0a41e-bbd3-4c92-acd6-54eef6d8b419
HTAq,zzNbjSCUGzqReGu,1,f2a0a41e-bbd3-4c92-acd6-54eef6d8b419
mesW,rBehYeIOTRxMFG,9,f2a0a41e-bbd3-4c92-acd6-54eef6d8b419
koqRb,NcULiIVlsBIjozb,7,f2a0a41e-bbd3-4c92-acd6-54eef6d8b419
YoRfo,NWKgD mGNlD,8,f2a0a41e-bbd3-4c92-acd6-54eef6d8b419
SkA,sTZvBigJJGFIIup,4,f2a0a41e-bbd3-4c92-acd6-54eef6d8b419
WRYoy,AXExYfleYZf,6,f2a0a41e-bbd3-4c92-acd6-54eef6d8b419
cfh,yKhcewjZcnDbvdj,2,f2a0a41e-bbd3-4c92-acd6-54eef6d8b419
gZZU,o ylSOhDAyCybbtwPJa,6,f2a0a41e-bbd3-4c92-acd6-54eef6d8b419
" cAn",cEwqDAk Wyl,4,f2a0a41e-bbd3-4c92-acd6-54eef6d8b419
PtYz,FZBUEeryglPkBIk,8,f2a0a41e-bbd3-4c92-acd6-54eef6d8b419
BLc,VMqcUwzdXm,8,f2a0a41e-bbd3-4c92-acd6-54eef6d8b419
yBlMH,uatkPfpZtZIycRxSQS,8,f2a0a41e-bbd3-4c92-acd6-54eef6d8b419
JvgZe,zOQRhcjuJRNQG,1,f2a0a41e-bbd3-4c92-acd6-54eef6d8b419
JZSn,AbUjAeQXkCDevia,9,f2a0a41e-bbd3-4c92-acd6-54eef6d8b419
VhW,UMwPDcJHXCnCqauucnf,5,f2a0a41e-bbd3-4c92-acd6-54eef6d8b419
laQW,oArno NHGeVgbT,10,f2a0a41e-bbd3-4c92-acd6-54eef6d8b419
ICjFM,aUwCRfOPEYn,1,f2a0a41e-bbd3-4c92-acd6-54eef6d8b419
vAA,gfjtoVBWARVvbkAiP,6,f2a0a41e-bbd3-4c92-acd6-54eef6d8b419
ZDrV,"RoZZrNuaiBGfQJhed ",10,f2a0a41e-bbd3-4c92-acd6-54eef6d8b419
OMAGt," tLHApmrJPgclKTnZZOm",10,f2a0a41e-bbd3-4c92-acd6-54eef6d8b419
KIiw,I r ymFxuBLUpf,1,f2a0a41e-bbd3-4c92-acd6-54eef6d8b419
RfuH,dhpxsBTdZWwpEUcU,6,f2a0a41e-bbd3-4c92-acd6-54eef6d8b419
BIU,cn BOZxdMPetGYd,6,f2a0a41e-bbd3-4c92-acd6-54eef6d8b419
mVNj,a JifEfokaaKIF,10,f2a0a41e-bbd3-4c92-acd6-54eef6d8b419
XVq,ezysWdhmyFzsu,6,f2a0a41e-bbd3-4c92-acd6-54eef6d8b419
mdKa,ZtELQnHrnMpVrISss,5,f2a0a41e-bbd3-4c92-acd6-54eef6d8b419
nlPaq,AuktwYNSHuhEM,7,f2a0a41e-bbd3-4c92-acd6-54eef6d8b419
mOrqj,RUzDMQWkPRvvVEvpilV,4,f2a0a41e-bbd3-4c92-acd6-54eef6d8b419
ziF,XwQwmhpJyJE,9,f2a0a41e-bbd3-4c92-acd6-54eef6d8b419
dfJPr,oglBDVZhYvznm,7,f2a0a41e-bbd3-4c92-acd6-54eef6d8b419
Ktyf,tanVipBTMwcIT,9,f2a0a41e-bbd3-4c92-acd6-54eef6d8b419
kJbwP,DpJmFMLbfUHBb,1,f2a0a41e-bbd3-4c92-acd6-54eef6d8b419
"Ug ",kzhXJMFaWlKWUbkcFmeP,7,f2a0a41e-bbd3-4c92-acd6-54eef6d8b419
n WUe,ROdBGYxz eBFjfsFWYwS,4,f2a0a41e-bbd3-4c92-acd6-54eef6d8b419
EfseU,Ei eMRHFXlP COE,7,f2a0a41e-bbd3-4c92-acd6-54eef6d8b419
cAP,"wZxSBHJiJuzvLnVkc ",8,f2a0a41e-bbd3-4c92-acd6-54eef6d8b419
cyq,KvWOTCF DOBGHRYa,5,f2a0a41e-bbd3-4c92-acd6-54eef6d8b419
iuiKH,Vsq uOqKjeOCdFNj,8,f2a0a41e-bbd3-4c92-acd6-54eef6d8b419
ajj,MQtFmWHXidJkYMTIbc,8,f2a0a41e-bbd3-4c92-acd6-54eef6d8b419
eNoE,BRaVZBQM L,5,f2a0a41e-bbd3-4c92-acd6-54eef6d8b419
ZhAFR,yUuUvoODOkY,1,f2a0a41e-bbd3-4c92-acd6-54eef6d8b419
XiQbW,VpSqwGukNidRni,2,f2a0a41e-bbd3-4c92-acd6-54eef6d8b419
tiupM,imWpbbfwWwIw,1,f2a0a41e-bbd3-4c92-acd6-54eef6d8b419
NgGmF,WIftZnapWgqb Hd,3,f2a0a41e-bbd3-4c92-acd6-54eef6d8b419
AyK,mfEeuVyAjZiFePd,4,f2a0a41e-bbd3-4c92-acd6-54eef6d8b419
YfT,JLQMbhvImpJlQUWeJWt,7,f2a0a41e-bbd3-4c92-acd6-54eef6d8b419
INdy,JbuOZ jjjhoVKdCQv,7,f2a0a41e-bbd3-4c92-acd6-54eef6d8b419
xamkr,XJYUecvlYBibKzbgMgZ,4,f2a0a41e-bbd3-4c92-acd6-54eef6d8b419
PVag,IireFvxAdypjqNb,8,f2a0a41e-bbd3-4c92-acd6-54eef6d8b419
cMC,SWZfSRsCRTv,6,f2a0a41e-bbd3-4c92-acd6-54eef6d8b419
unAuy,eB CfUTWGa,5,f2a0a41e-bbd3-4c92-acd6-54eef6d8b419
qyK,sedpccHESIukYGP,8,f2a0a41e-bbd3-4c92-acd6-54eef6d8b419
ovrbX,XzDedutENgu,7,f2a0a41e-bbd3-4c92-acd6-54eef6d8b419
SCvoK,fSjfGrcVMXMQDNa,10,f2a0a41e-bbd3-4c92-acd6-54eef6d8b419
bZRj,BUtvQZXwYRBygqSZun,1,f2a0a41e-bbd3-4c92-acd6-54eef6d8b419
YTJ,KEFOHtAnfXYSrRxi,10,f2a0a41e-bbd3-4c92-acd6-54eef6d8b419
cIFkj,kuEttlvaPeUzxyPFH,7,f2a0a41e-bbd3-4c92-acd6-54eef6d8b419
URvY,jGFmjbPJkNeHCG,10,f2a0a41e-bbd3-4c92-acd6-54eef6d8b419
" JxV",pcZQXLzHbwzvuDxqcR,1,f2a0a41e-bbd3-4c92-acd6-54eef6d8b419
ZDsI,uvTyCWlaJDi,2,f2a0a41e-bbd3-4c92-acd6-54eef6d8b419
PXaMT,zYICAdI ckAS,3,f2a0a41e-bbd3-4c92-acd6-54eef6d8b419
HNR,PAOxOzJOdSMO,7,f2a0a41e-bbd3-4c92-acd6-54eef6d8b419
Ged,pFuxnObCmHAVJmA,7,f2a0a41e-bbd3-4c92-acd6-54eef6d8b419
Gbkf,UyGFBpMMjKKqaADIQdzO,8,f2a0a41e-bbd3-4c92-acd6-54eef6d8b419
XlW,KABXIhyFbKLxhFZMNy,1,f2a0a41e-bbd3-4c92-acd6-54eef6d8b419
WGyPf,mbGAByzhiItlEbnLrd,6,f2a0a41e-bbd3-4c92-acd6-54eef6d8b419
H w,UMBQsWedfX,9,f2a0a41e-bbd3-4c92-acd6-54eef6d8b419
TIQgC,CIWrOjwQsv,9,f2a0a41e-bbd3-4c92-acd6-54eef6d8b419
wXp,fwEKtzgFdgNJV,1,f2a0a41e-bbd3-4c92-acd6-54eef6d8b419
jDr,vvDLBznIULzHRNsHmh,4,f2a0a41e-bbd3-4c92-acd6-54eef6d8b419
CsNf,KCsmfGkScHGQgSEDvmW,6,f2a0a41e-bbd3-4c92-acd6-54eef6d8b419
fvUO,WTydSEcYvTgoHPpyrUxU,10,f2a0a41e-bbd3-4c92-acd6-54eef6d8b419
"WWQ ",fIHPigWimdQ,10,f2a0a41e-bbd3-4c92-acd6-54eef6d8b419
nxbkQ,whRyRApnmYgbDv,3,f2a0a41e-bbd3-4c92-acd6-54eef6d8b419
gNk,KSAiTQPzxnSYsTTKhOl,8,f2a0a41e-bbd3-4c92-acd6-54eef6d8b419
xEm,"BHTDxIKqBQCRDh ",10,f2a0a41e-bbd3-4c92-acd6-54eef6d8b419
FyJ,seLdMuMixRBQ,10,f2a0a41e-bbd3-4c92-acd6-54eef6d8b419
njYa,QQNetFCGkDYQJxtGAR,9,f2a0a41e-bbd3-4c92-acd6-54eef6d8b419
sEG,CkcHLnNdVP,4,f2a0a41e-bbd3-4c92-acd6-54eef6d8b419
lZZnf,"QxRnPYQlnWcvyQg ",5,f2a0a41e-bbd3-4c92-acd6-54eef6d8b419
kvWRk,xpBKeWLRnisRYIdHWws,10,f2a0a41e-bbd3-4c92-acd6-54eef6d8b419
bkCYs,Z qfqlGyhfGQPkzBl,3,f2a0a41e-bbd3-4c92-acd6-54eef6d8b419
nxf,Ju rknyYjCBjSBjmm,7,f2a0a41e-bbd3-4c92-acd6-54eef6d8b419
nBS,AfRSkAxtFOjkzNDQ,4,f2a0a41e-bbd3-4c92-acd6-54eef6d8b419
kWzTy,tLrqoT nvVPSlOwmpyq,7,f2a0a41e-bbd3-4c92-acd6-54eef6d8b419
vVhFG,StUH aUNtts,4,f2a0a41e-bbd3-4c92-acd6-54eef6d8b419
CGXbV,RBPWCFmRnKtrhLJlgKm,5,f2a0a41e-bbd3-4c92-acd6-54eef6d8b419
pykda,RWcwTuOreP,1,f2a0a41e-bbd3-4c92-acd6-54eef6d8b419
WiPXJ,ItGSnzFxZd,2,f2a0a41e-bbd3-4c92-acd6-54eef6d8b419
MBQ A,mAIxJetqoEO AkNUd,10,f2a0a41e-bbd3-4c92-acd6-54eef6d8b419
"jp "," HcopMRilEB",3,f2a0a41e-bbd3-4c92-acd6-54eef6d8b419
kMt,wySmGYXwUFPyFhpJ,10,f2a0a41e-bbd3-4c92-acd6-54eef6d8b419
" zdd",EUYwPruxHvvqbRkL,5,f2a0a41e-bbd3-4c92-acd6-54eef6d8b419
Peu,MumFKXLjseChXdjDFJwa,10,f2a0a41e-bbd3-4c92-acd6-54eef6d8b419
iEPp,gzdthoejKOG,3,f2a0a41e-bbd3-4c92-acd6-54eef6d8b419
lbAfT,clRlLvOilWFZJIRXx,6,f2a0a41e-bbd3-4c92-acd6-54eef6d8b419
Qvp,KevPGjThKxVHnEGOjCy,3,f2a0a41e-bbd3-4c92-acd6-54eef6d8b419
x K,"CDERQXDGZ zeJ ",3,f2a0a41e-bbd3-4c92-acd6-54eef6d8b419
btBD,s lnFKrLgzIg,10,f2a0a41e-bbd3-4c92-acd6-54eef6d8b419
QykRS,nxuWKVsfZm,4,f2a0a41e-bbd3-4c92-acd6-54eef6d8b419
qJp,hPXGJSTCKGmGO dSM,9,f2a0a41e-bbd3-4c92-acd6-54eef6d8b419
bY cD,ZLwoVqIvVusV,4,f2a0a41e-bbd3-4c92-acd6-54eef6d8b419
TjcX,YfUmSUbxDHcjQrX,2,f2a0a41e-bbd3-4c92-acd6-54eef6d8b419
ODnem,RWUEqInWaR,5,f2a0a41e-bbd3-4c92-acd6-54eef6d8b419
"cXys ",jDJmBhOPVKm,8,f2a0a41e-bbd3-4c92-acd6-54eef6d8b419
FoU,KGGrddovhEAqjR,10,f2a0a41e-bbd3-4c92-acd6-54eef6d8b419
ROV,orTniouRkIiLOiHzaxb,10,f2a0a41e-bbd3-4c92-acd6-54eef6d8b419
PUfg,oTozcpHUZx,2,f2a0a41e-bbd3-4c92-acd6-54eef6d8b419
VFua,mjgdyYngOYZoYHRzMEWn,1,f2a0a41e-bbd3-4c92-acd6-54eef6d8b419
"WmB ",nbYHtdzVlZXoGsgOSRV,4,f2a0a41e-bbd3-4c92-acd6-54eef6d8b419
RtmPP,VkewGAZDjCgQB,1,f2a0a41e-bbd3-4c92-acd6-54eef6d8b419
QGPkH,tUXmapSVdoO,6,f2a0a41e-bbd3-4c92-acd6-54eef6d8b419
OGEi,XdnEbueTDIRvYOJSG,1,f2a0a41e-bbd3-4c92-acd6-54eef6d8b419
" dSe",cOSndAJRItwtSwMyf,7,f2a0a41e-bbd3-4c92-acd6-54eef6d8b419
ZBT,JGO otHREbp,5,f2a0a41e-bbd3-4c92-acd6-54eef6d8b419
zit,hextRFHIYKHGy NLo,7,f2a0a41e-bbd3-4c92-acd6-54eef6d8b419
SkRWb,JsThXSpMtb,10,f2a0a41e-bbd3-4c92-acd6-54eef6d8b419
WRiLf,stFBrYJORfPA,7,f2a0a41e-bbd3-4c92-acd6-54eef6d8b419
NsTwj,zbXOnpreBqWuRt,3,f2a0a41e-bbd3-4c92-acd6-54eef6d8b419
ukxgw,ZqzukpdpeNyxGQGufFH,1,f2a0a41e-bbd3-4c92-acd6-54eef6d8b419
JqHP,ZskKJGbhVoc,6,f2a0a41e-bbd3-4c92-acd6-54eef6d8b419
aOQlx,HJUUqJyOLBIMlH,3,f2a0a41e-bbd3-4c92-acd6-54eef6d8b419
nRbgT,kBbkuoCEehynrlIW,1,f2a0a41e-bbd3-4c92-acd6-54eef6d8b419
vTyJ,nozAJOqUNXK,9,f2a0a41e-bbd3-4c92-acd6-54eef6d8b419
yJV,XlfaSGzuCJkyvQ,8,f2a0a41e-bbd3-4c92-acd6-54eef6d8b419
SeDx,fZntgslWkownRPOFHKcv,6,f2a0a41e-bbd3-4c92-acd6-54eef6d8b419
MYT,LzCeUzOWhzIMvqwVgI,9,f2a0a41e-bbd3-4c92-acd6-54eef6d8b419
VMSJj,WazWciUyurgr,4,f2a0a41e-bbd3-4c92-acd6-54eef6d8b419
hqi,BvIhZuFsJGCAn,8,f2a0a41e-bbd3-4c92-acd6-54eef6d8b419
TeE,JxoGMKPbECnqvXfMp,2,f2a0a41e-bbd3-4c92-acd6-54eef6d8b419
gts,NWQXAxpKxFBxkg,6,f2a0a41e-bbd3-4c92-acd6-54eef6d8b419
FtH,Uj wuTvoLn,10,f2a0a41e-bbd3-4c92-acd6-54eef6d8b419
AVlC,uQ dtdUKLsWiubFgFCy,10,f2a0a41e-bbd3-4c92-acd6-54eef6d8b419
zcB,cdINhvbRN udjGbHlNIV,9,f2a0a41e-bbd3-4c92-acd6-54eef6d8b419
" nf",CCUklmayizyvqqet,3,f2a0a41e-bbd3-4c92-acd6-54eef6d8b419
TPUR,wSZpldTYVPHnNHY,4,f2a0a41e-bbd3-4c92-acd6-54eef6d8b419
DVblj,PwLBgoSYvQsjwpXIYST,2,f2a0a41e-bbd3-4c92-acd6-54eef6d8b419
tLBf,fiHSaGKfgwvIAJBpX,9,f2a0a41e-bbd3-4c92-acd6-54eef6d8b419
phNSc,em PClwRyH,3,f2a0a41e-bbd3-4c92-acd6-54eef6d8b419
ULp,GhcdahIpbh,1,f2a0a41e-bbd3-4c92-acd6-54eef6d8b419
wDx,OuRrXMlImgzAJFNSSF,4,f2a0a41e-bbd3-4c92-acd6-54eef6d8b419
vev,IWJtCEbosYeV,6,f2a0a41e-bbd3-4c92-acd6-54eef6d8b419
Hxv,xoIh MD qvlMlfGUUvj,7,f2a0a41e-bbd3-4c92-acd6-54eef6d8b419
HQbH,pOEYc DdfbHwDwOSWw,10,f2a0a41e-bbd3-4c92-acd6-54eef6d8b419
XhMm," ButWupLZFFig",7,f2a0a41e-bbd3-4c92-acd6-54eef6d8b419
JqKF,"OPGSBGaxQLVTAYSvI ",3,f2a0a41e-bbd3-4c92-acd6-54eef6d8b419
DCke,KPRoORGUAewp,7,f2a0a41e-bbd3-4c92-acd6-54eef6d8b419
ptp,b QIRa TYE,1,f2a0a41e-bbd3-4c92-acd6-54eef6d8b419
Ceaqh,EFgaPpWStBtr,7,f2a0a41e-bbd3-4c92-acd6-54eef6d8b419
vMTd,UriPWKBbrUvY,9,f2a0a41e-bbd3-4c92-acd6-54eef6d8b419
pDKt,MLTnLIvRqQacupE,9,f2a0a41e-bbd3-4c92-acd6-54eef6d8b419
ORfT,xTzgoxHRDezT,4,f2a0a41e-bbd3-4c92-acd6-54eef6d8b419
TOf,nsZMdoLazj,2,f2a0a41e-bbd3-4c92-acd6-54eef6d8b419
hXmx,UykvGSqiXF,5,f2a0a41e-bbd3-4c92-acd6-54eef6d8b419
ztbdz,BxECZSpyeausy,7,f2a0a41e-bbd3-4c92-acd6-54eef6d8b419
OjEKn,DAegbtVEotcF,4,f2a0a41e-bbd3-4c92-acd6-54eef6d8b419
ArRX,EqTlmniTpaCYa,5,f2a0a41e-bbd3-4c92-acd6-54eef6d8b419
OVxhL,KEOHyGGoyTlsBor,9,f2a0a41e-bbd3-4c92-acd6-54eef6d8b419
VMu,joAaCSBOFnmxLmwuN,4,f2a0a41e-bbd3-4c92-acd6-54eef6d8b419
jLjr,TOjQKaVmSMppoX,1,f2a0a41e-bbd3-4c92-acd6-54eef6d8b419
fbp,OsIxpTdZnft,7,f2a0a41e-bbd3-4c92-acd6-54eef6d8b419
Pxr,aljDjfqUgblhXZS,8,f2a0a41e-bbd3-4c92-acd6-54eef6d8b419
V q,TrluuGqZQrKU,10,f2a0a41e-bbd3-4c92-acd6-54eef6d8b419
RPrG,VKzl XfOnrMk,6,f2a0a41e-bbd3-4c92-acd6-54eef6d8b419
grST,ezbfvVxiwAxz,2,f2a0a41e-bbd3-4c92-acd6-54eef6d8b419
CQiw,YfEYWPxauTx,8,f2a0a41e-bbd3-4c92-acd6-54eef6d8b419
nEOC,ccjfBnqDiTm,1,f2a0a41e-bbd3-4c92-acd6-54eef6d8b419
eBzdu,tMmWZNHAmiFvWUmXT,9,f2a0a41e-bbd3-4c92-acd6-54eef6d8b419
bdMx,Ayz skEnGBDtEkfX,10,f2a0a41e-bbd3-4c92-acd6-54eef6d8b419
wIene,jDygfxVsmzSMGdRv,4,f2a0a41e-bbd3-4c92-acd6-54eef6d8b419
VFzVP,YNbWTwK gnci,6,f2a0a41e-bbd3-4c92-acd6-54eef6d8b419
"mjM ",IAyiDcswHFRUeYUZ,7,f2a0a41e-bbd3-4c92-acd6-54eef6d8b419
IfNUU,SaE Lu LKXOrsjsZUOtL,6,f2a0a41e-bbd3-4c92-acd6-54eef6d8b419
EKp,owobLVDnaXeSLga,7,f2a0a41e-bbd3-4c92-acd6-54eef6d8b419
QajP,OzmLcosWrrgBztoRMbIW,1,f2a0a41e-bbd3-4c92-acd6-54eef6d8b419
JNqf,IXiRTlVnWjuBLqzV,3,f2a0a41e-bbd3-4c92-acd6-54eef6d8b419
XboQS,CeiVDTKmkPQKtr,10,f2a0a41e-bbd3-4c92-acd6-54eef6d8b419
fbETB,SYNeNeKjtmmEuBt,7,f2a0a41e-bbd3-4c92-acd6-54eef6d8b419
BWU,NMRJNsLyPRCguouHxDM,10,f2a0a41e-bbd3-4c92-acd6-54eef6d8b419
xoEVv,BUiCIiDPwXdWNw,6,f2a0a41e-bbd3-4c92-acd6-54eef6d8b419
YEjM,VvbuzdMZgQhK,5,f2a0a41e-bbd3-4c92-acd6-54eef6d8b419
EMfu,xmrrrLxNwfOlgX,7,f2a0a41e-bbd3-4c92-acd6-54eef6d8b419
LdEyG,YYVwOWlXUrDLRFF,2,f2a0a41e-bbd3-4c92-acd6-54eef6d8b419
TFJ,dTSWXbDZPZYftpru,1,f2a0a41e-bbd3-4c92-acd6-54eef6d8b419
nEZ,FIvYhgqrHoJK,5,f2a0a41e-bbd3-4c92-acd6-54eef6d8b419
wncC,ioKchkx oEhuXhEF,1,f2a0a41e-bbd3-4c92-acd6-54eef6d8b419
rFOxK,InQJjcNmfHpvQ,2,f2a0a41e-bbd3-4c92-acd6-54eef6d8b419
iPYRJ,sjcoOoLOnbFpWMX,3,f2a0a41e-bbd3-4c92-acd6-54eef6d8b419
HGmcj,JIcoxWaBtlRJaMeRtGFd,2,f2a0a41e-bbd3-4c92-acd6-54eef6d8b419
caK,RBtFPtRhRHnVy,9,f2a0a41e-bbd3-4c92-acd6-54eef6d8b419
VnJ,euebMhJZLBsbUn,5,f2a0a41e-bbd3-4c92-acd6-54eef6d8b419
uBoA,puHex cbmHUuae,9,f2a0a41e-bbd3-4c92-acd6-54eef6d8b419
mTYBl,tIMuJqeVDd,9,f2a0a41e-bbd3-4c92-acd6-54eef6d8b419
avgvI,"EuzxtNQoWZgdA ",7,f2a0a41e-bbd3-4c92-acd6-54eef6d8b419
pLZqp,nYJCCfA bLVMgqFod,7,f2a0a41e-bbd3-4c92-acd6-54eef6d8b419
wHKiq,qNSJcmpIEc,3,f2a0a41e-bbd3-4c92-acd6-54eef6d8b419
OcUhU,wETWoywfZmamwMFWVTP,10,f2a0a41e-bbd3-4c92-acd6-54eef6d8b419
EoJD,bNzQnQRxXcWTyYYdqVf,3,f2a0a41e-bbd3-4c92-acd6-54eef6d8b419
eTRlo,kAmLonIKCxa,6,f2a0a41e-bbd3-4c92-acd6-54eef6d8b419
HAhgR,CAZHIFOibzMwxTmG,7,f2a0a41e-bbd3-4c92-acd6-54eef6d8b419
garww,FBjRvlLFXrPAwxOVaNkE,1,f2a0a41e-bbd3-4c92-acd6-54eef6d8b419
Xlw,a OVSRUbMsdVLJRUn,6,f2a0a41e-bbd3-4c92-acd6-54eef6d8b419
ZoASB,BszRHwPGT LQxgHj,2,f2a0a41e-bbd3-4c92-acd6-54eef6d8b419
Lew,OKWiXz FhgTZ,10,f2a0a41e-bbd3-4c92-acd6-54eef6d8b419
tXdL,nCRlMfRwUwWWqkbujjxT,5,f2a0a41e-bbd3-4c92-acd6-54eef6d8b419
XvG,vCHczgpbew,10,f2a0a41e-bbd3-4c92-acd6-54eef6d8b419
svqJ,fLpRmNDOQrWIUN BeiWE,1,f2a0a41e-bbd3-4c92-acd6-54eef6d8b419
WwW,yjvZzlSkDiPTr,10,f2a0a41e-bbd3-4c92-acd6-54eef6d8b419
EyoSC,XYXiZmWQWy,10,f2a0a41e-bbd3-4c92-acd6-54eef6d8b419
DxBz,T GbgNbYbIK l,3,f2a0a41e-bbd3-4c92-acd6-54eef6d8b419
gekXa,HWzbwABOKw,7,f2a0a41e-bbd3-4c92-acd6-54eef6d8b419
UgyIF,ZxTnmoghzXbeD,6,f2a0a41e-bbd3-4c92-acd6-54eef6d8b419
WhCQV,CSVRjGWTWHcrmn,6,f2a0a41e-bbd3-4c92-acd6-54eef6d8b419
BaU U,JTfshpDcmrnsHCwyMCHM,9,f2a0a41e-bbd3-4c92-acd6-54eef6d8b419
bbW,ntBfunqlxpMPZPdTFLHp,10,f2a0a41e-bbd3-4c92-acd6-54eef6d8b419
eNosk,vSeBgmOviQJ,1,f2a0a41e-bbd3-4c92-acd6-54eef6d8b419
tkEdc,DsAn WDHDVMTSEeqaSU,9,f2a0a41e-bbd3-4c92-acd6-54eef6d8b419
aSO," jjuakyJQqnHhKvHnmm",3,f2a0a41e-bbd3-4c92-acd6-54eef6d8b419
kOLA,YBBOUZZTLISzolu,5,f2a0a41e-bbd3-4c92-acd6-54eef6d8b419
VNzwf,OoYYZVTbrY,4,f2a0a41e-bbd3-4c92-acd6-54eef6d8b419
OPK N,FuhlsDKpQulfGth,9,f2a0a41e-bbd3-4c92-acd6-54eef6d8b419
dRwTu,LwkGC kEzSsiFx,7,f2a0a41e-bbd3-4c92-acd6-54eef6d8b419
sAhi,eoWViomKFPpLMfZLdR,8,f2a0a41e-bbd3-4c92-acd6-54eef6d8b419
STZlt,xapFMfuYcgtM,9,f2a0a41e-bbd3-4c92-acd6-54eef6d8b419
CamQw,vuzsmfcipSFARDyzWC,8,f2a0a41e-bbd3-4c92-acd6-54eef6d8b419
NqSU,nvyxiVkBuJdJHH,4,f2a0a41e-bbd3-4c92-acd6-54eef6d8b419
ODbu,JauYHavJuYk,9,f2a0a41e-bbd3-4c92-acd6-54eef6d8b419
FIU,xNHA YSMcijdU,5,f2a0a41e-bbd3-4c92-acd6-54eef6d8b419
hbg,rxICmAabrprwvm,1,f2a0a41e-bbd3-4c92-acd6-54eef6d8b419
VZlv,lyeKWakPnUd,10,f2a0a41e-bbd3-4c92-acd6-54eef6d8b419
qMZ,tEueMzVZiEyyGXuDilM,5,f2a0a41e-bbd3-4c92-acd6-54eef6d8b419
ToBE,luKCWwyXCXjT,2,f2a0a41e-bbd3-4c92-acd6-54eef6d8b419
FwkZ,wWrzvSTYLPJGguxYCM,9,f2a0a41e-bbd3-4c92-acd6-54eef6d8b419
jrK,tTnHSYZEoKk,3,f2a0a41e-bbd3-4c92-acd6-54eef6d8b419
sWpnG,yfxhoxWNVvmeX,1,f2a0a41e-bbd3-4c92-acd6-54eef6d8b419
ZBP,ehVsJZSGMPbaT,2,f2a0a41e-bbd3-4c92-acd6-54eef6d8b419
KdcHd,UqfJaFEbqvCDBEaakcd,4,f2a0a41e-bbd3-4c92-acd6-54eef6d8b419
dLuv,NRNyGtQctedto,7,f2a0a41e-bbd3-4c92-acd6-54eef6d8b419
RETa," kRcVehU ExHGYiFeuM",1,f2a0a41e-bbd3-4c92-acd6-54eef6d8b419
qNP,XmhbomhjjO,6,f2a0a41e-bbd3-4c92-acd6-54eef6d8b419
yNb,BjYLAMixF aKQpacqWB,3,f2a0a41e-bbd3-4c92-acd6-54eef6d8b419
GNr,DDNyOxMQoTwZhXJxn,1,f2a0a41e-bbd3-4c92-acd6-54eef6d8b419
LFBMz,utqZyLInkVofrGcedKL,6,f2a0a41e-bbd3-4c92-acd6-54eef6d8b419
XhtX,akBFmL MbkhbSV,1,f2a0a41e-bbd3-4c92-acd6-54eef6d8b419
FyfZ," TEEAWlUfC",9,f2a0a41e-bbd3-4c92-acd6-54eef6d8b419
SONOy,DEkJVtXXMfcNJKyOT,8,f2a0a41e-bbd3-4c92-acd6-54eef6d8b419
eEW,rKlvRGFVHyl,9,f2a0a41e-bbd3-4c92-acd6-54eef6d8b419
vMHrb,dfyS AqZLsMiz,8,f2a0a41e-bbd3-4c92-acd6-54eef6d8b419
ZUAJT,VpKmdzkJuHys hdLee,3,f2a0a41e-bbd3-4c92-acd6-54eef6d8b419
WJL,mriZbAbkfQFeuacyrAc,4,f2a0a41e-bbd3-4c92-acd6-54eef6d8b419
FnPu,EBJNpNyKnPBFMYVPG,5,f2a0a41e-bbd3-4c92-acd6-54eef6d8b419
gsPBO,qYOKXcTeElFQAZAFh,9,f2a0a41e-bbd3-4c92-acd6-54eef6d8b419
pcLb,nJknYsGtSYxntdQDg,8,f2a0a41e-bbd3-4c92-acd6-54eef6d8b419
KQcn,wjxgraYGhlCy,3,f2a0a41e-bbd3-4c92-acd6-54eef6d8b419
msSS,SABcgMKvJcNR,2,f2a0a41e-bbd3-4c92-acd6-54eef6d8b419
EjOx,hfywXrBVegDa,9,f2a0a41e-bbd3-4c92-acd6-54eef6d8b419
wYvV,zVEHhxsUsPiyn UwKO,3,f2a0a41e-bbd3-4c92-acd6-54eef6d8b419
jZGk,oUVbPlTsSYDOjIT,9,f2a0a41e-bbd3-4c92-acd6-54eef6d8b419
xDa," vUTcDfbSZ UQcMy",7,f2a0a41e-bbd3-4c92-acd6-54eef6d8b419
nXuy,WYMyAYizKASAqhagnM,10,f2a0a41e-bbd3-4c92-acd6-54eef6d8b419
cTQvp,QuMQiznCqEcxgaidf,8,f2a0a41e-bbd3-4c92-acd6-54eef6d8b419
Ga GO,ESqMCWnTOXDUjdBN kDk,6,f2a0a41e-bbd3-4c92-acd6-54eef6d8b419
HhaMR,mkJZxtyXTQgQs,1,f2a0a41e-bbd3-4c92-acd6-54eef6d8b419
GQGg,dtcBGyIiNy,6,f2a0a41e-bbd3-4c92-acd6-54eef6d8b419
Nmc,anLAyfYFerk,3,f2a0a41e-bbd3-4c92-acd6-54eef6d8b419
MRlWk,zLxkIyyYLazCEB,8,f2a0a41e-bbd3-4c92-acd6-54eef6d8b419
Nsx,DCWGIypiRaOFyrDxydGs,3,f2a0a41e-bbd3-4c92-acd6-54eef6d8b419
TZuxz," pQEjQiGBkwoVBGhKit",7,f2a0a41e-bbd3-4c92-acd6-54eef6d8b419
lnbEi," hxvICppIf  kUQguy",3,f2a0a41e-bbd3-4c92-acd6-54eef6d8b419
ftubN,RNSREJDaFwjCKkiXvjFT,8,f2a0a41e-bbd3-4c92-acd6-54eef6d8b419
WWM,XNYQLhOCDrRkIzPB,7,f2a0a41e-bbd3-4c92-acd6-54eef6d8b419
QlwO,EYgHjStlpxE,7,f2a0a41e-bbd3-4c92-acd6-54eef6d8b419
DTVgM,imlWmiVkQsmymsox,6,f2a0a41e-bbd3-4c92-acd6-54eef6d8b419
JIwE,fzAkQJffMbU QViJHQ,3,f2a0a41e-bbd3-4c92-acd6-54eef6d8b419
ZEu,AeICMb SezKPFfiie,5,f2a0a41e-bbd3-4c92-acd6-54eef6d8b419
HYE,bVSbwVMMpZH,3,f2a0a41e-bbd3-4c92-acd6-54eef6d8b419
tsIky,RxxZlbqoCnzAoFQZk,10,f2a0a41e-bbd3-4c92-acd6-54eef6d8b419
HOp,oB qHmGlmJz,5,f2a0a41e-bbd3-4c92-acd6-54eef6d8b419
oHLP,"LZtEmSRRizPsBZVbPyp ",4,f2a0a41e-bbd3-4c92-acd6-54eef6d8b419
HCMNj,MsvtxMhKzcVy BOMcYsA,10,f2a0a41e-bbd3-4c92-acd6-54eef6d8b419
u g,GwHilhHAgy,6,f2a0a41e-bbd3-4c92-acd6-54eef6d8b419
azQTn,hKdJoFzrXtklAbeuO,10,f2a0a41e-bbd3-4c92-acd6-54eef6d8b419
zyg,SDDzLgOPduDJEWHTPvvN,4,f2a0a41e-bbd3-4c92-acd6-54eef6d8b419
Svd,HbjtUbZO o,2,f2a0a41e-bbd3-4c92-acd6-54eef6d8b419
kWmz,dhQbNvCnQURqXE b,2,f2a0a41e-bbd3-4c92-acd6-54eef6d8b419
WyN,zNOuAwzWO jFR,9,f2a0a41e-bbd3-4c92-acd6-54eef6d8b419
EQJq,vvZTpUctFARhlYn TH,8,f2a0a41e-bbd3-4c92-acd6-54eef6d8b419
XXsSr,RZxBkJVOdIbcNNjMk,5,f2a0a41e-bbd3-4c92-acd6-54eef6d8b419
kfu,rhLcLcpCYACgGDdecQz,3,f2a0a41e-bbd3-4c92-acd6-54eef6d8b419
jrK,gmPMTWtAVoQJ,9,f2a0a41e-bbd3-4c92-acd6-54eef6d8b419
DiMLS,GuNnIRluLpmSUIb,3,f2a0a41e-bbd3-4c92-acd6-54eef6d8b419
YPb,rmSoGizgleNscD,8,f2a0a41e-bbd3-4c92-acd6-54eef6d8b419
xvWC,WzdrHmMSiHiCegpmdb,6,f2a0a41e-bbd3-4c92-acd6-54eef6d8b419
zCfM,xjhXRKhgoXZM,8,f2a0a41e-bbd3-4c92-acd6-54eef6d8b419
DFxcy,QBVEZZPViDdZGDAkx,7,f2a0a41e-bbd3-4c92-acd6-54eef6d8b419
LCLDV,iYwdJDgYOhZZXTgFjnGj,5,f2a0a41e-bbd3-4c92-acd6-54eef6d8b419
LXfm,eMSdNyCkCb diJ,10,f2a0a41e-bbd3-4c92-acd6-54eef6d8b419
mmQ,mdCg EyJOUP,7,f2a0a41e-bbd3-4c92-acd6-54eef6d8b419
TUKh,FIqfxdDOtrZmlHPxcHC,6,f2a0a41e-bbd3-4c92-acd6-54eef6d8b419
nZCEN,IDkqTAHsLGvKjqiUsivB,3,f2a0a41e-bbd3-4c92-acd6-54eef6d8b419
xuZF,iakfWiOELexM,1,f2a0a41e-bbd3-4c92-acd6-54eef6d8b419
HdnN,GRpbgKdaghCkbuCFyCW,9,f2a0a41e-bbd3-4c92-acd6-54eef6d8b419
mVj,rUCGfcbeqIRduEpzz o,6,f2a0a41e-bbd3-4c92-acd6-54eef6d8b419
ZDS,UwyXXuDdMXsARL,8,f2a0a41e-bbd3-4c92-acd6-54eef6d8b419
dYt,xXkAbDHTLq,1,f2a0a41e-bbd3-4c92-acd6-54eef6d8b419
GiL,KcqhmkWnplUaLHFT,1,f2a0a41e-bbd3-4c92-acd6-54eef6d8b419
TnsQ,KPPDAGjZ tpMq,2,f2a0a41e-bbd3-4c92-acd6-54eef6d8b419
lvkMC,hnwZTsnfiginbYjlQ,1,f2a0a41e-bbd3-4c92-acd6-54eef6d8b419
pnhm,"xXqWKDFsuRAxK ",3,f2a0a41e-bbd3-4c92-acd6-54eef6d8b419
BYG,LtSonFWDWLJPbnpWCg,5,f2a0a41e-bbd3-4c92-acd6-54eef6d8b419
qSRX,XgFno RMy r,9,f2a0a41e-bbd3-4c92-acd6-54eef6d8b419
Mvv,"EDnOTlbDWElMwjjeMxP ",5,f2a0a41e-bbd3-4c92-acd6-54eef6d8b419
CGeBn,vJYn IuKIHnBsm,5,f2a0a41e-bbd3-4c92-acd6-54eef6d8b419
oBjpq,yqzrfn DAOQc,2,f2a0a41e-bbd3-4c92-acd6-54eef6d8b419
OauMC,nygcDJHOBWhBWwgISxdv,6,f2a0a41e-bbd3-4c92-acd6-54eef6d8b419
CRN,qQCsbGQhIaUoULqtFTEI,7,f2a0a41e-bbd3-4c92-acd6-54eef6d8b419
fCkll,ciKIKBYvwsgiixaN adx,8,f2a0a41e-bbd3-4c92-acd6-54eef6d8b419
kHRW,ksbprVrbtVcScoGLy,5,f2a0a41e-bbd3-4c92-acd6-54eef6d8b419
WG Ih,qaKpANnBNQVK,8,f2a0a41e-bbd3-4c92-acd6-54eef6d8b419
BRMU,EzMEapmQWWaAAEuICT,5,f2a0a41e-bbd3-4c92-acd6-54eef6d8b419
wNdBx,NEqfJivbGUyvzeeTrpf,4,f2a0a41e-bbd3-4c92-acd6-54eef6d8b419
VoDcX,EIzYQxRkLPF rKOQyn,10,f2a0a41e-bbd3-4c92-acd6-54eef6d8b419
Odnuk,mXJkmewYpCR,6,f2a0a41e-bbd3-4c92-acd6-54eef6d8b419
nxU,EIJFP cupZE,10,f2a0a41e-bbd3-4c92-acd6-54eef6d8b419
oKxw,AjQGstOZDr,3,f2a0a41e-bbd3-4c92-acd6-54eef6d8b419
mlD,jWrjJRhCJirOpVhiNb,10,f2a0a41e-bbd3-4c92-acd6-54eef6d8b419
hReDJ,bODiUapskj,5,f2a0a41e-bbd3-4c92-acd6-54eef6d8b419
BOu,NLwAdHHhjY,1,f2a0a41e-bbd3-4c92-acd6-54eef6d8b419
unVzm,OmYFWQmuezyHw,1,f2a0a41e-bbd3-4c92-acd6-54eef6d8b419
WdVOx,FhtxKGmpMcus,9,f2a0a41e-bbd3-4c92-acd6-54eef6d8b419
NVdKl,yWflXbDOpPElUHI,1,f2a0a41e-bbd3-4c92-acd6-54eef6d8b419
"Mbj ",JLweYYtIYnHqcox,4,f2a0a41e-bbd3-4c92-acd6-54eef6d8b419
ENr,ZNgXqWCPCIguEhaI,7,f2a0a41e-bbd3-4c92-acd6-54eef6d8b419
Fhg,GdSmrolRZ OI,7,f2a0a41e-bbd3-4c92-acd6-54eef6d8b419
Vqrw,mpdMVJNazB,6,f2a0a41e-bbd3-4c92-acd6-54eef6d8b419
QrzV,MalNBruiNt,8,f2a0a41e-bbd3-4c92-acd6-54eef6d8b419
ajf,BhKFKsVuhUgbpXI PtBn,8,f2a0a41e-bbd3-4c92-acd6-54eef6d8b419
Civb,SWgnkJAWbKWNA,2,f2a0a41e-bbd3-4c92-acd6-54eef6d8b419
l Gr,YzucBimbZIcNK,8,f2a0a41e-bbd3-4c92-acd6-54eef6d8b419
hLi,gzarAMbTAXFsDtav,1,f2a0a41e-bbd3-4c92-acd6-54eef6d8b419
iqBgS,fegUptOfqB,1,f2a0a41e-bbd3-4c92-acd6-54eef6d8b419
LPE,BxLwVXRjBPiZQNfftsf,4,f2a0a41e-bbd3-4c92-acd6-54eef6d8b419
sdt,rsUyIjAwXy,5,f2a0a41e-bbd3-4c92-acd6-54eef6d8b419
XUpC,gWsbllRibMEMfHW,7,f2a0a41e-bbd3-4c92-acd6-54eef6d8b419
ZImA,vBKzAJUeYsSMRyuiXc,3,f2a0a41e-bbd3-4c92-acd6-54eef6d8b419
PtvP,JTMFljwOZAenywGrnD,8,f2a0a41e-bbd3-4c92-acd6-54eef6d8b419
"rK ",oYTiacZYmDHBslYUA,6,f2a0a41e-bbd3-4c92-acd6-54eef6d8b419
"Mu ",xrirBIQfsiN,10,f2a0a41e-bbd3-4c92-acd6-54eef6d8b419
vkCI,VRJuTXODdDzlhnP,3,f2a0a41e-bbd3-4c92-acd6-54eef6d8b419
xhPt,blRkjbCbfKVuwuQhKam,5,f2a0a41e-bbd3-4c92-acd6-54eef6d8b419
ODVW,XqyLtuBRZxABu,6,f2a0a41e-bbd3-4c92-acd6-54eef6d8b419
vKe,IaMYBLv psgGOhtIhfCq,8,f2a0a41e-bbd3-4c92-acd6-54eef6d8b419
Mvpn,kBBQQQNPVxdbdA,1,f2a0a41e-bbd3-4c92-acd6-54eef6d8b419
EhAdp,fznFsQWPsuAmK,6,f2a0a41e-bbd3-4c92-acd6-54eef6d8b419
JttH,bbRcBEInDMwjdlavcQnw,6,f2a0a41e-bbd3-4c92-acd6-54eef6d8b419
ZqkYS,QHMHPTDwBjohfKcgC,8,f2a0a41e-bbd3-4c92-acd6-54eef6d8b419
Lryv,BcaVYDQYWVnAIsuMFr,3,f2a0a41e-bbd3-4c92-acd6-54eef6d8b419
LglK,DRjtC peD ZDYOwrpvA,7,f2a0a41e-bbd3-4c92-acd6-54eef6d8b419
bQi,"  ydLk qZewBfaQ",5,f2a0a41e-bbd3-4c92-acd6-54eef6d8b419
yNXkf,jJs wuOtHB P,10,f2a0a41e-bbd3-4c92-acd6-54eef6d8b419
rTz,DekdBIeAwuQq,10,f2a0a41e-bbd3-4c92-acd6-54eef6d8b419
YMGex,YfOvZtFdzTmyuNHlLou,9,f2a0a41e-bbd3-4c92-acd6-54eef6d8b419
ftrA,GljsIrILrdeG,5,f2a0a41e-bbd3-4c92-acd6-54eef6d8b419
mVXer,ExgbTqMOiqvaRQPTaZAB,8,f2a0a41e-bbd3-4c92-acd6-54eef6d8b419
jrSm,CrMWpWaFBKhFHj,10,f2a0a41e-bbd3-4c92-acd6-54eef6d8b419
FlT,ClHgndtEPQOqPBnTsvM,9,f2a0a41e-bbd3-4c92-acd6-54eef6d8b419
wMT,KSugmwYDUclXSp,3,f2a0a41e-bbd3-4c92-acd6-54eef6d8b419
rCHs,dtlxKdVIgwhFpb,5,f2a0a41e-bbd3-4c92-acd6-54eef6d8b419
xxD,jcruQByRxnAJS,5,f2a0a41e-bbd3-4c92-acd6-54eef6d8b419
tXAm,ReluvxuvoNPrbrxCVkPQ,8,f2a0a41e-bbd3-4c92-acd6-54eef6d8b419
IXSJi,jLrCTXVnRYGCYHFsdb,7,f2a0a41e-bbd3-4c92-acd6-54eef6d8b419
VKb,BgYZQjubzj,9,f2a0a41e-bbd3-4c92-acd6-54eef6d8b419
rTpR,bDulDUIMqT,6,f2a0a41e-bbd3-4c92-acd6-54eef6d8b419
uAV,CFpBTtygGiYdToN cYKx,3,f2a0a41e-bbd3-4c92-acd6-54eef6d8b419
EVe,wMvKCOwW GITeYdg,9,f2a0a41e-bbd3-4c92-acd6-54eef6d8b419
QUteI,XyeJABHFQoWZzdSAm,9,f2a0a41e-bbd3-4c92-acd6-54eef6d8b419
PAaEE,oxqbOOVjjsATwLQ,7,f2a0a41e-bbd3-4c92-acd6-54eef6d8b419
PTOb,oEMgbjkhhchNxEm,9,f2a0a41e-bbd3-4c92-acd6-54eef6d8b419
Xre,DMkUnVSknKArKhBmWtYf,7,f2a0a41e-bbd3-4c92-acd6-54eef6d8b419
wVKC,"sjWimZTjSClQ ",3,f2a0a41e-bbd3-4c92-acd6-54eef6d8b419
miUz,RDpSbybcyZFVyl,8,f2a0a41e-bbd3-4c92-acd6-54eef6d8b419
ZQb,DVmGlWhoagETjMou,1,f2a0a41e-bbd3-4c92-acd6-54eef6d8b419
fPR,qLFSihzADKhd,6,f2a0a41e-bbd3-4c92-acd6-54eef6d8b419
" dTeS",apLWmCKSXvnvFJ J,4,f2a0a41e-bbd3-4c92-acd6-54eef6d8b419
XpT,QMVRbtxoTMcwXGgfWvu,10,f2a0a41e-bbd3-4c92-acd6-54eef6d8b419
xrI,OueOxKEGruoHQghEdfCQ,8,f2a0a41e-bbd3-4c92-acd6-54eef6d8b419
Gvz,vpIkOKExrBdYYB,5,f2a0a41e-bbd3-4c92-acd6-54eef6d8b419
ajze,nDtmJhQAPiOZI,10,f2a0a41e-bbd3-4c92-acd6-54eef6d8b419
JFIqt,qJXiTtZIhQVAV,5,f2a0a41e-bbd3-4c92-acd6-54eef6d8b419
"YFkd ",KllInsUJQQdSImnFgmhK,2,f2a0a41e-bbd3-4c92-acd6-54eef6d8b419
eLqLN,GRelwqbhCkAGjUZWhXh,1,f2a0a41e-bbd3-4c92-acd6-54eef6d8b419
YFwrR,bzYvAXHXgYWdO,1,f2a0a41e-bbd3-4c92-acd6-54eef6d8b419
Hup,dCVNmDJLVmkDB,2,f2a0a41e-bbd3-4c92-acd6-54eef6d8b419
RpoSQ,yBkjHnSjegTx,9,f2a0a41e-bbd3-4c92-acd6-54eef6d8b419
xakuH,mRFUHMkVlgFH,6,f2a0a41e-bbd3-4c92-acd6-54eef6d8b419
erAA,gFRgEhMQQnexwd,1,f2a0a41e-bbd3-4c92-acd6-54eef6d8b419
Gvg,CiVmAmeTxdTzp,5,f2a0a41e-bbd3-4c92-acd6-54eef6d8b419
xEv,UlHjmsfSbUmGT,5,f2a0a41e-bbd3-4c92-acd6-54eef6d8b419
JBmly,VtJdYNpNb WGx,3,f2a0a41e-bbd3-4c92-acd6-54eef6d8b419
XvK,wNoCTndMesuitDquSvb,4,f2a0a41e-bbd3-4c92-acd6-54eef6d8b419
eky,FRAaaYbpQtk,10,f2a0a41e-bbd3-4c92-acd6-54eef6d8b419
hpZgW,NwmNHQnwiPPzDAv hnt,1,f2a0a41e-bbd3-4c92-acd6-54eef6d8b419
wqQz,kzgJkvZMjAR,10,f2a0a41e-bbd3-4c92-acd6-54eef6d8b419
netU,DeHCxLFEPdn,10,f2a0a41e-bbd3-4c92-acd6-54eef6d8b419
mrLgD,LFoZfBefBxyqfTI,7,f2a0a41e-bbd3-4c92-acd6-54eef6d8b419
syF,yDRmwRBWPEvtIUeJfYj,8,f2a0a41e-bbd3-4c92-acd6-54eef6d8b419
zPFk,BdNhfaRXoarbuTe,2,f2a0a41e-bbd3-4c92-acd6-54eef6d8b419
ADXKE,SXaXoRBsbwJNNfyiQDWz,4,f2a0a41e-bbd3-4c92-acd6-54eef6d8b419
jDn,FeGsfiAgEjb,3,f2a0a41e-bbd3-4c92-acd6-54eef6d8b419
JeJ,pJYnwpcpspbpd pKufjM,3,f2a0a41e-bbd3-4c92-acd6-54eef6d8b419
qaCm,OioF yuGNSg,5,f2a0a41e-bbd3-4c92-acd6-54eef6d8b419
dxhs,mozwmTIrpOXTc,2,f2a0a41e-bbd3-4c92-acd6-54eef6d8b419
fWdNi,GYWcN VCOJ,8,f2a0a41e-bbd3-4c92-acd6-54eef6d8b419
bJaHP,BMJxdUFXUesJNctfl,9,f2a0a41e-bbd3-4c92-acd6-54eef6d8b419
tbU,IDZCRItunoOX,2,f2a0a41e-bbd3-4c92-acd6-54eef6d8b419
xcdt,vtMOCfVazTObMXuKJZVt,1,f2a0a41e-bbd3-4c92-acd6-54eef6d8b419
" KMp",SeLUSRgsnrfS,7,f2a0a41e-bbd3-4c92-acd6-54eef6d8b419
WmBoq,FfJuybkrsQrbiRwqd,5,f2a0a41e-bbd3-4c92-acd6-54eef6d8b419
niQ," IqhpIRhaQUudNASofK",8,f2a0a41e-bbd3-4c92-acd6-54eef6d8b419
" xj",PpeqIwibwkyeApfAGwLj,5,f2a0a41e-bbd3-4c92-acd6-54eef6d8b419
dvlI,VfChyDCwkZGhWzNXJ,3,f2a0a41e-bbd3-4c92-acd6-54eef6d8b419
TjMe,YZKcTmxwjqbz,3,f2a0a41e-bbd3-4c92-acd6-54eef6d8b419
OmUBw,tPRQhBTsqJGWbCO,9,f2a0a41e-bbd3-4c92-acd6-54eef6d8b419
Z Wyo,DdgibkkRRvCpGL,2,f2a0a41e-bbd3-4c92-acd6-54eef6d8b419
yHJcS,xVYrGyAZby,8,f2a0a41e-bbd3-4c92-acd6-54eef6d8b419
O mq,DcJEoVLABkHeLN,9,f2a0a41e-bbd3-4c92-acd6-54eef6d8b419
vcqC,UTirPNELCHoo,7,f2a0a41e-bbd3-4c92-acd6-54eef6d8b419
QFLks,ZoqjIFDnpiJJCQVBCGB,9,f2a0a41e-bbd3-4c92-acd6-54eef6d8b419
xOiJ,dmaRaTEkTI,10,f2a0a41e-bbd3-4c92-acd6-54eef6d8b419
yYUW,fjulVHVtYH,8,f2a0a41e-bbd3-4c92-acd6-54eef6d8b419
N BrZ,QMiGluJuLt,6,f2a0a41e-bbd3-4c92-acd6-54eef6d8b419
rMz,OdkcoIvLzpnYFh,9,f2a0a41e-bbd3-4c92-acd6-54eef6d8b419
BxDS,yoFmGPlrZN,10,f2a0a41e-bbd3-4c92-acd6-54eef6d8b419
gGGSp,nhentNPjsYvJtGX,10,f2a0a41e-bbd3-4c92-acd6-54eef6d8b419
m gon,MAzpAZZiQNTey,9,f2a0a41e-bbd3-4c92-acd6-54eef6d8b419
cSH,TbxFVKyBWfGI,8,f2a0a41e-bbd3-4c92-acd6-54eef6d8b419
zSy,fMdBVBHWNfMIAT,3,f2a0a41e-bbd3-4c92-acd6-54eef6d8b419
bcYR,ALfUNnAGLw,7,f2a0a41e-bbd3-4c92-acd6-54eef6d8b419
eBguI,xXzIGthLsKlFLNRv,2,f2a0a41e-bbd3-4c92-acd6-54eef6d8b419
PmNF,XLSOAxuUcE,3,f2a0a41e-bbd3-4c92-acd6-54eef6d8b419
WkHBC,cLORBdTyMtaWzKZpJt,6,f2a0a41e-bbd3-4c92-acd6-54eef6d8b419
NvrKe," iXWstKeoC",2,f2a0a41e-bbd3-4c92-acd6-54eef6d8b419
gzWj,jIGSpsnM CYeyOP,10,f2a0a41e-bbd3-4c92-acd6-54eef6d8b419
VNc,hmHQPUHjEKTLuNqMG,8,f2a0a41e-bbd3-4c92-acd6-54eef6d8b419
AbAr,UbHXygGQGcGeaJWOYfTT,3,f2a0a41e-bbd3-4c92-acd6-54eef6d8b419
UNO,MGhREKnEJawEsHG,4,f2a0a41e-bbd3-4c92-acd6-54eef6d8b419
ZsWKa,gsxvhANrFw,5,f2a0a41e-bbd3-4c92-acd6-54eef6d8b419
DivFX,UY hNrFZjBQLvSxzu,1,f2a0a41e-bbd3-4c92-acd6-54eef6d8b419
AKeni,MFjTEcUcOWcBG,3,f2a0a41e-bbd3-4c92-acd6-54eef6d8b419
Jry,Rjp lJrPtNE,9,f2a0a41e-bbd3-4c92-acd6-54eef6d8b419
MjBb,UBcCGaqdSikT,2,f2a0a41e-bbd3-4c92-acd6-54eef6d8b419
gPDY,LBZVPurfuzr,1,f2a0a41e-bbd3-4c92-acd6-54eef6d8b419
UnT,sKEQWWorQhVSawrV,7,f2a0a41e-bbd3-4c92-acd6-54eef6d8b419
LbyyM,jrdFlExMSBdUviwL,4,f2a0a41e-bbd3-4c92-acd6-54eef6d8b419
i po,C pGBQIsaKewtNO,7,f2a0a41e-bbd3-4c92-acd6-54eef6d8b419
IYTIU,yAzoVbJydbg,2,f2a0a41e-bbd3-4c92-acd6-54eef6d8b419
haMDK,teLcxMUVXyLqUtYoYR,9,f2a0a41e-bbd3-4c92-acd6-54eef6d8b419
PuBVJ,FlEVmBWoOSSY,10,f2a0a41e-bbd3-4c92-acd6-54eef6d8b419
ScydC,CBEBUrniYsjRNVJ,2,f2a0a41e-bbd3-4c92-acd6-54eef6d8b419
"jDM ",JnROZkQtxDW weo,1,f2a0a41e-bbd3-4c92-acd6-54eef6d8b419
bDUoN,QE wmpyfNmKifsdv,2,f2a0a41e-bbd3-4c92-acd6-54eef6d8b419